<?xml version="1.0" encoding="UTF-8"?>
<kml xmlns="http://www.opengis.net/kml/2.2" xmlns:gx="http://www.google.com/kml/ext/2.2" xmlns:globalmapper="https://www.bluemarblegeo.com/globalmapper">
<Document>
  <!-- Begin Style Definitions -->
  <Style id="area1">
    <LineStyle>
      <color>FF7B3054</color>
      <width>1</width>
    </LineStyle>
    <PolyStyle>
      <color>270293F7</color>
      <fill>1</fill>
      <outline>1</outline>
    </PolyStyle>
    <IconStyle><Icon></Icon></IconStyle>
    <BalloonStyle><text><![CDATA[$[description]]]></text></BalloonStyle>
  </Style>
  <Style id="area2">
    <LineStyle>
      <color>FF7B3054</color>
      <width>2</width>
    </LineStyle>
    <PolyStyle>
      <color>607280FB</color>
      <fill>1</fill>
      <outline>1</outline>
    </PolyStyle>
    <IconStyle><Icon></Icon></IconStyle>
    <BalloonStyle><text><![CDATA[$[description]]]></text></BalloonStyle>
  </Style>
  <Style id="area3">
    <LineStyle>
      <color>FF7B3054</color>
      <width>2</width>
    </LineStyle>
    <PolyStyle>
      <color>60D3B180</color>
      <fill>1</fill>
      <outline>1</outline>
    </PolyStyle>
    <IconStyle><Icon></Icon></IconStyle>
    <BalloonStyle><text><![CDATA[$[description]]]></text></BalloonStyle>
  </Style>
  <Style id="area4">
    <LineStyle>
      <color>FF7B3054</color>
      <width>2</width>
    </LineStyle>
    <PolyStyle>
      <color>60DABABE</color>
      <fill>1</fill>
      <outline>1</outline>
    </PolyStyle>
    <IconStyle><Icon></Icon></IconStyle>
    <BalloonStyle><text><![CDATA[$[description]]]></text></BalloonStyle>
  </Style>
  <Style id="area5">
    <LineStyle>
      <color>FF7B3054</color>
      <width>2</width>
    </LineStyle>
    <PolyStyle>
      <color>6062B4FD</color>
      <fill>1</fill>
      <outline>1</outline>
    </PolyStyle>
    <IconStyle><Icon></Icon></IconStyle>
    <BalloonStyle><text><![CDATA[$[description]]]></text></BalloonStyle>
  </Style>
  <Style id="area6">
    <LineStyle>
      <color>FF7B3054</color>
      <width>2</width>
    </LineStyle>
    <PolyStyle>
      <color>60D9D9D9</color>
      <fill>1</fill>
      <outline>1</outline>
    </PolyStyle>
    <IconStyle><Icon></Icon></IconStyle>
    <BalloonStyle><text><![CDATA[$[description]]]></text></BalloonStyle>
  </Style>
  <Style id="area7">
    <LineStyle>
      <color>FF7B3054</color>
      <width>2</width>
    </LineStyle>
    <PolyStyle>
      <color>60C5EBCC</color>
      <fill>1</fill>
      <outline>1</outline>
    </PolyStyle>
    <IconStyle><Icon></Icon></IconStyle>
    <BalloonStyle><text><![CDATA[$[description]]]></text></BalloonStyle>
  </Style>
  <Style id="area8">
    <LineStyle>
      <color>FF7B3054</color>
      <width>2</width>
    </LineStyle>
    <PolyStyle>
      <color>60BD80BC</color>
      <fill>1</fill>
      <outline>1</outline>
    </PolyStyle>
    <IconStyle><Icon></Icon></IconStyle>
    <BalloonStyle><text><![CDATA[$[description]]]></text></BalloonStyle>
  </Style>
  <Style id="area9">
    <LineStyle>
      <color>FF7B3054</color>
      <width>2</width>
    </LineStyle>
    <PolyStyle>
      <color>6069DEB3</color>
      <fill>1</fill>
      <outline>1</outline>
    </PolyStyle>
    <IconStyle><Icon></Icon></IconStyle>
    <BalloonStyle><text><![CDATA[$[description]]]></text></BalloonStyle>
  </Style>
  <Style id="area10">
    <LineStyle>
      <color>FF7B3054</color>
      <width>2</width>
    </LineStyle>
    <PolyStyle>
      <color>60B3FFFF</color>
      <fill>1</fill>
      <outline>1</outline>
    </PolyStyle>
    <IconStyle><Icon></Icon></IconStyle>
    <BalloonStyle><text><![CDATA[$[description]]]></text></BalloonStyle>
  </Style>
  <Style id="area11">
    <LineStyle>
      <color>FF7B3054</color>
      <width>2</width>
    </LineStyle>
    <PolyStyle>
      <color>60C7D38D</color>
      <fill>1</fill>
      <outline>1</outline>
    </PolyStyle>
    <IconStyle><Icon></Icon></IconStyle>
    <BalloonStyle><text><![CDATA[$[description]]]></text></BalloonStyle>
  </Style>
  <Style id="area12">
    <LineStyle>
      <color>FF7B3054</color>
      <width>2</width>
    </LineStyle>
    <PolyStyle>
      <color>609A3D6A</color>
      <fill>1</fill>
      <outline>1</outline>
    </PolyStyle>
    <IconStyle><Icon></Icon></IconStyle>
    <BalloonStyle><text><![CDATA[$[description]]]></text></BalloonStyle>
  </Style>
  <Style id="area13">
    <LineStyle>
      <color>FF7B3054</color>
      <width>2</width>
    </LineStyle>
    <PolyStyle>
      <color>60E5CDFC</color>
      <fill>1</fill>
      <outline>1</outline>
    </PolyStyle>
    <IconStyle><Icon></Icon></IconStyle>
    <BalloonStyle><text><![CDATA[$[description]]]></text></BalloonStyle>
  </Style>
  <Folder>
    <name>Area Features</name>
    <description>Area Features</description>
    <Placemark>
      <description>Fik River WS

WATERSHED AREA : 213.58 sq km</description>
      <name>Fika River WS</name>
      <styleUrl>#area1</styleUrl>
      <MultiGeometry>
      <Point>
      <coordinates>78.866379064,29.332169261,0</coordinates>
      </Point>
      <Polygon>
        <outerBoundaryIs>
          <LinearRing>
            <coordinates>
              78.718365235,29.303479709,0
              78.718428493,29.303457706,0
              78.718913563,29.303288984,0
              78.719396160,29.302932194,0
              78.720095697,29.302397392,0
              78.720365913,29.302103357,0
              78.720826702,29.301571978,0
              78.720615535,29.301120971,0
              78.721669844,29.300266193,0
              78.721909415,29.300056528,0
              78.722687411,29.299375642,0
              78.723222648,29.299796708,0
              78.723867630,29.299387984,0
              78.724339320,29.299104991,0
              78.725286183,29.298527205,0
              78.725602601,29.298911055,0
              78.726201551,29.298386668,0
              78.726750005,29.297853009,0
              78.727562117,29.298568911,0
              78.728424944,29.299273386,0
              78.728788044,29.299054554,0
              78.729344144,29.298760392,0
              78.729611637,29.298656090,0
              78.730360522,29.299291662,0
              78.730787354,29.299105848,0
              78.731101569,29.299049210,0
              78.731697196,29.299503243,0
              78.732076332,29.299364345,0
              78.732401363,29.299239799,0
              78.732786757,29.299148248,0
              78.733144808,29.299091952,0
              78.733475551,29.299067957,0
              78.733811007,29.299242056,0
              78.734518682,29.299623061,0
              78.734979898,29.299372471,0
              78.735398000,29.299050596,0
              78.735544513,29.298903945,0
              78.735743002,29.298621723,0
              78.735714969,29.298065757,0
              78.735666762,29.297503718,0
              78.735845740,29.297150396,0
              78.736132443,29.296815658,0
              78.736903995,29.296555680,0
              78.737501043,29.296211557,0
              78.738657140,29.295280603,0
              78.738675621,29.295269014,0
              78.740686752,29.294007672,0
              78.742273513,29.293168751,0
              78.745510068,29.291254858,0
              78.747206131,29.290271888,0
              78.747953461,29.289733790,0
              78.748484025,29.289288593,0
              78.748664261,29.289139237,0
              78.749014048,29.288896603,0
              78.749170201,29.288794354,0
              78.749326653,29.288662546,0
              78.749712517,29.288525397,0
              78.749713875,29.288525247,0
              78.750327521,29.288458080,0
              78.750497367,29.288415242,0
              78.750739472,29.287903413,0
              78.751663314,29.287648933,0
              78.752939700,29.287329205,0
              78.753297324,29.287216634,0
              78.753729641,29.287169416,0
              78.754311388,29.286605794,0
              78.755150613,29.285796427,0
              78.756846911,29.284290504,0
              78.757441435,29.283950156,0
              78.758027029,29.283668304,0
              78.758789946,29.283301102,0
              78.760604417,29.282200429,0
              78.760606896,29.282198926,0
              78.761188412,29.281923970,0
              78.762441719,29.281134978,0
              78.763231878,29.280582729,0
              78.763594721,29.280384324,0
              78.763615212,29.280373122,0
              78.765012718,29.279363127,0
              78.765838858,29.278533344,0
              78.766361369,29.277958404,0
              78.766963818,29.277121853,0
              78.767362770,29.276675329,0
              78.767630452,29.276303293,0
              78.767983109,29.275908727,0
              78.768286746,29.275525330,0
              78.768778333,29.275114969,0
              78.769300789,29.274637044,0
              78.769725330,29.274337213,0
              78.769982742,29.274113978,0
              78.770697981,29.273773584,0
              78.771269217,29.273464793,0
              78.771817372,29.273007029,0
              78.772273015,29.272278634,0
              78.772697660,29.271703651,0
              78.773209765,29.271191824,0
              78.773212414,29.271040665,0
              78.772842124,29.270625532,0
              78.772446203,29.270160816,0
              78.772057893,29.269698265,0
              78.771726236,29.269276368,0
              78.771392008,29.268766492,0
              78.770715763,29.267868628,0
              78.770435557,29.267496322,0
              78.770183646,29.267094823,0
              78.770749741,29.266711501,0
              78.771411026,29.266296746,0
              78.771812430,29.266008182,0
              78.771328928,29.265568168,0
              78.770886674,29.265110145,0
              78.771403905,29.264774273,0
              78.772525628,29.264048308,0
              78.773331053,29.263500418,0
              78.774141462,29.262923240,0
              78.774141581,29.262805961,0
              78.774038724,29.262704481,0
              78.773740382,29.262422472,0
              78.773663329,29.262300574,0
              78.773825435,29.262043523,0
              78.774443000,29.261513705,0
              78.774854674,29.261177747,0
              78.775693344,29.260720070,0
              78.776784179,29.259994110,0
              78.777507165,29.259504847,0
              78.778032002,29.259241117,0
              78.778353530,29.259038143,0
              78.778572221,29.259038251,0
              78.778706014,29.258990890,0
              78.779174195,29.258654984,0
              78.779763360,29.258267128,0
              78.780980220,29.257408048,0
              78.781376492,29.257126196,0
              78.781345632,29.257013446,0
              78.781137333,29.256796911,0
              78.781227405,29.256648063,0
              78.781646719,29.256339081,0
              78.782071236,29.255989639,0
              78.782619222,29.255622073,0
              78.783442457,29.254963667,0
              78.783910705,29.254607403,0
              78.784366006,29.254271381,0
              78.785029711,29.253737009,0
              78.785091457,29.253705407,0
              78.785587886,29.253680762,0
              78.786290120,29.253477902,0
              78.786753074,29.253414792,0
              78.787298372,29.253478104,0
              78.787771665,29.253426247,0
              78.788149681,29.253426353,0
              78.788525206,29.253552700,0
              78.788792685,29.253776087,0
              78.788975119,29.254308433,0
              78.789119087,29.254757294,0
              78.789386464,29.255023466,0
              78.789556261,29.255043806,0
              78.789751744,29.255012296,0
              78.789908666,29.254800267,0
              78.790333214,29.254017689,0
              78.790590510,29.253541801,0
              78.790845211,29.253192244,0
              78.791323665,29.252847214,0
              78.791884517,29.252324042,0
              78.791144026,29.251216479,0
              78.790413787,29.250226180,0
              78.790431854,29.250045721,0
              78.790495819,29.249972753,0
              78.790567416,29.249890517,0
              78.790568284,29.249801833,0
              78.790348638,29.249513853,0
              78.790740548,29.249260042,0
              78.791473127,29.248759514,0
              78.790729442,29.248070869,0
              78.789948828,29.247671112,0
              78.791372614,29.246147931,0
              78.793139573,29.244608980,0
              78.794039456,29.245019591,0
              78.794459843,29.244823056,0
              78.796299522,29.244109217,0
              78.796852656,29.243933879,0
              78.797362699,29.244097247,0
              78.798405042,29.244474001,0
              78.798728697,29.243927994,0
              78.799289352,29.243563246,0
              78.799814831,29.243307918,0
              78.799970077,29.242517007,0
              78.799859149,29.242137760,0
              78.799921082,29.242008143,0
              78.800674459,29.241487541,0
              78.801896864,29.240568369,0
              78.802194849,29.240428687,0
              78.802437469,29.240436411,0
              78.802534652,29.240147412,0
              78.802916503,29.239700889,0
              78.803335364,29.239609409,0
              78.803862961,29.239293604,0
              78.804691523,29.238797642,0
              78.806244634,29.237833595,0
              78.807524891,29.237198620,0
              78.807445997,29.236991085,0
              78.807367560,29.236736252,0
              78.807625368,29.236566694,0
              78.808951880,29.236026657,0
              78.809114856,29.235903699,0
              78.809938718,29.235756079,0
              78.811277386,29.235352106,0
              78.813347059,29.234640152,0
              78.816012724,29.233636926,0
              78.818436642,29.232531356,0
              78.819151502,29.232306918,0
              78.819607590,29.232165684,0
              78.820046200,29.232069194,0
              78.820168293,29.232379215,0
              78.819944312,29.233215187,0
              78.819893319,29.233793169,0
              78.820934697,29.233543096,0
              78.821711909,29.233238153,0
              78.821811369,29.233538033,0
              78.822432531,29.233373076,0
              78.822628446,29.233990264,0
              78.822742497,29.234250364,0
              78.823058976,29.234145490,0
              78.823182997,29.234552745,0
              78.823505280,29.234435449,0
              78.824016259,29.235097324,0
              78.824693598,29.235600868,0
              78.825023365,29.235593313,0
              78.825690763,29.235348909,0
              78.826038622,29.235231796,0
              78.826189108,29.235547004,0
              78.825734846,29.235795593,0
              78.825619569,29.236096905,0
              78.825899648,29.236006717,0
              78.826109291,29.236078225,0
              78.826300623,29.236168681,0
              78.826449291,29.236169770,0
              78.826421882,29.236000998,0
              78.826499207,29.235877520,0
              78.826745653,29.235892046,0
              78.826999203,29.235922525,0
              78.827138258,29.235789957,0
              78.827867689,29.235369817,0
              78.828041482,29.235625362,0
              78.828511474,29.236416554,0
              78.829333613,29.236038649,0
              78.829492341,29.236084679,0
              78.829638617,29.236245290,0
              78.829460475,29.236448409,0
              78.829680170,29.236659416,0
              78.829837860,29.236815127,0
              78.829953111,29.236950584,0
              78.830091993,29.236991482,0
              78.830224867,29.236916417,0
              78.830322622,29.236948292,0
              78.830464112,29.237014140,0
              78.830863125,29.237348602,0
              78.831068553,29.237265342,0
              78.831254134,29.237176948,0
              78.831348180,29.237150212,0
              78.831383387,29.237125858,0
              78.831531967,29.237097375,0
              78.831772917,29.237018690,0
              78.831789686,29.236933694,0
              78.831951412,29.236940785,0
              78.832158383,29.236832036,0
              78.832309294,29.236803220,0
              78.832404839,29.236918588,0
              78.832710344,29.237241949,0
              78.833162401,29.237961145,0
              78.834156883,29.238596585,0
              78.835183223,29.239471565,0
              78.836284934,29.240795803,0
              78.837332780,29.241805539,0
              78.838155236,29.242604230,0
              78.838772612,29.242239756,0
              78.838372586,29.241857942,0
              78.838174605,29.241148532,0
              78.841294403,29.239747660,0
              78.840876763,29.239122302,0
              78.841291347,29.238764618,0
              78.840695943,29.238275468,0
              78.841035865,29.238220146,0
              78.840589997,29.237877890,0
              78.840307803,29.237661462,0
              78.839457132,29.236842624,0
              78.841931008,29.234901083,0
              78.842692886,29.235489921,0
              78.843369197,29.234896501,0
              78.844251840,29.235944897,0
              78.844698924,29.235853387,0
              78.845542447,29.236831691,0
              78.846372222,29.236239365,0
              78.847246891,29.235098918,0
              78.848061778,29.234272140,0
              78.848704232,29.233648539,0
              78.849268450,29.232879786,0
              78.849544777,29.232769303,0
              78.849569627,29.233500188,0
              78.849795479,29.234274609,0
              78.849853570,29.234322450,0
              78.850118238,29.236383986,0
              78.850528892,29.239469767,0
              78.851379634,29.242481606,0
              78.852756219,29.245651321,0
              78.855015904,29.248364883,0
              78.856127592,29.251686784,0
              78.856223190,29.253629839,0
              78.856275524,29.254693525,0
              78.856167174,29.256075405,0
              78.855876909,29.259777200,0
              78.856168279,29.263413239,0
              78.856192053,29.263709898,0
              78.857375318,29.267498356,0
              78.858396238,29.270766813,0
              78.858411553,29.270815844,0
              78.858473808,29.273590673,0
              78.858813274,29.274903206,0
              78.861413844,29.278852000,0
              78.861397506,29.280624385,0
              78.861441635,29.281387191,0
              78.861624977,29.284556303,0
              78.862723687,29.289342066,0
              78.863923147,29.292741349,0
              78.865374363,29.297452450,0
              78.865955056,29.301232611,0
              78.866714441,29.304705757,0
              78.866593995,29.308249738,0
              78.866837947,29.310409170,0
              78.866799055,29.314647232,0
              78.866782790,29.316419504,0
              78.866799153,29.316481082,0
              78.867233233,29.318114601,0
              78.867377751,29.318658437,0
              78.867355840,29.321047131,0
              78.866957881,29.323819228,0
              78.866792216,29.324973180,0
              78.871270325,29.331186490,0
              78.871506685,29.331514414,0
              78.871860899,29.332005843,0
              78.872262759,29.332563368,0
              78.872426682,29.332644678,0
              78.872795465,29.332827604,0
              78.873352819,29.333104063,0
              78.874462523,29.333654488,0
              78.875414354,29.334126597,0
              78.876366215,29.335828517,0
              78.876569624,29.336930034,0
              78.876720358,29.337746287,0
              78.877017299,29.339354232,0
              78.877624807,29.342643774,0
              78.877791095,29.343544152,0
              78.877903924,29.344167884,0
              78.878366484,29.346724892,0
              78.878789858,29.349065179,0
              78.879047255,29.350487938,0
              78.878492579,29.351616863,0
              78.877613479,29.353406033,0
              78.878178460,29.354060202,0
              78.879354273,29.355421597,0
              78.879954545,29.357120979,0
              78.881690543,29.359675848,0
              78.881753262,29.359791290,0
              78.883161352,29.362382954,0
              78.883391959,29.363063331,0
              78.884103784,29.365163419,0
              78.885580973,29.367177042,0
              78.886659313,29.367976924,0
              78.887153814,29.368343725,0
              78.889163018,29.369898668,0
              78.889764104,29.370321111,0
              78.889940467,29.370445058,0
              78.890823889,29.371065916,0
              78.893188491,29.372237989,0
              78.893469049,29.372273469,0
              78.895121599,29.372482436,0
              78.898121810,29.372315402,0
              78.898818100,29.372276628,0
              78.899539847,29.372141316,0
              78.899985361,29.372057791,0
              78.903576298,29.371384505,0
              78.906667257,29.370018602,0
              78.906982620,29.369746618,0
              78.907454424,29.369339710,0
              78.907465225,29.368119594,0
              78.908395765,29.368125912,0
              78.908402974,29.367310808,0
              78.909333508,29.367317121,0
              78.909355117,29.364871800,0
              78.910285632,29.364878107,0
              78.910307223,29.362432777,0
              78.913098712,29.362451665,0
              78.913091534,29.363266777,0
              78.914022037,29.363273063,0
              78.913986175,29.367348603,0
              78.914916709,29.367354883,0
              78.914909542,29.368169987,0
              78.915840083,29.368176261,0
              78.915832922,29.368991365,0
              78.916763468,29.368997634,0
              78.916756314,29.369812737,0
              78.917686866,29.369819001,0
              78.917679717,29.370634102,0
              78.918610276,29.370640361,0
              78.918595991,29.372270559,0
              78.919526563,29.372276813,0
              78.919519426,29.373091909,0
              78.920450004,29.373098158,0
              78.920435743,29.374728349,0
              78.919505153,29.374722101,0
              78.919498016,29.375537195,0
              78.918567420,29.375530941,0
              78.918560278,29.376346034,0
              78.916699075,29.376333510,0
              78.916691919,29.377148601,0
              78.915761312,29.377142331,0
              78.915746988,29.378772510,0
              78.916677608,29.378778780,0
              78.916663297,29.380408954,0
              78.915732665,29.380402684,0
              78.915704016,29.383663017,0
              78.916634673,29.383669287,0
              78.916627517,29.384484367,0
              78.917558179,29.384490632,0
              78.917522428,29.388566016,0
              78.918453122,29.388572275,0
              78.918424544,29.391832560,0
              78.921216700,29.391851307,0
              78.921195321,29.394296508,0
              78.922126059,29.394302747,0
              78.922118938,29.395117811,0
              78.923049681,29.395124044,0
              78.923042566,29.395939107,0
              78.924904066,29.395951557,0
              78.924896964,29.396766619,0
              78.927689233,29.396785254,0
              78.927696316,29.395970191,0
              78.930488568,29.395988777,0
              78.930481503,29.396803839,0
              78.932343017,29.396816203,0
              78.932307750,29.400891498,0
              78.936961689,29.400922313,0
              78.936940620,29.403367477,0
              78.936009814,29.403361324,0
              78.935981696,29.406621524,0
              78.936912527,29.406627677,0
              78.936870384,29.411517940,0
              78.937801252,29.411524088,0
              78.937794234,29.412339127,0
              78.938725108,29.412345269,0
              78.938711084,29.413975345,0
              78.939641971,29.413981481,0
              78.939634965,29.414796518,0
              78.940565858,29.414802649,0
              78.940558859,29.415617684,0
              78.949867854,29.415678702,0
              78.949860916,29.416493736,0
              78.950791822,29.416499808,0
              78.950771025,29.418944902,0
              78.951701950,29.418950969,0
              78.951688097,29.420581027,0
              78.952619034,29.420587088,0
              78.952612114,29.421402115,0
              78.953543056,29.421408171,0
              78.953536142,29.422223196,0
              78.954467092,29.422229247,0
              78.954474000,29.421414222,0
              78.958197775,29.421438372,0
              78.958184007,29.423068421,0
              78.959114964,29.423074445,0
              78.959108086,29.423889469,0
              78.960970011,29.423901501,0
              78.960956280,29.425531544,0
              78.961887255,29.425537552,0
              78.961859816,29.428797623,0
              78.962790815,29.428803626,0
              78.962777108,29.430433654,0
              78.965570145,29.430451630,0
              78.965563309,29.431266643,0
              78.966494328,29.431272624,0
              78.966487499,29.432087635,0
              78.967418523,29.432093611,0
              78.967411700,29.432908621,0
              78.968342730,29.432914592,0
              78.968335913,29.433729601,0
              78.969266950,29.433735566,0
              78.969246516,29.436180585,0
              78.968315460,29.436174620,0
              78.968308643,29.436989625,0
              78.967377582,29.436983654,0
              78.967350285,29.440243658,0
              78.968281371,29.440249629,0
              78.968274553,29.441064627,0
              78.969205646,29.441070592,0
              78.969198833,29.441885589,0
              78.970129932,29.441891549,0
              78.970109514,29.444336532,0
              78.972902866,29.444354380,0
              78.972889290,29.445984363,0
              78.973820421,29.445990301,0
              78.973813639,29.446805291,0
              78.974744775,29.446811225,0
              78.974737999,29.447626213,0
              78.975669142,29.447632141,0
              78.975662372,29.448447127,0
              78.976593521,29.448453050,0
              78.976579994,29.450083021,0
              78.977511155,29.450088938,0
              78.977504397,29.450903922,0
              78.978435564,29.450909834,0
              78.978422060,29.452539798,0
              78.979353240,29.452545704,0
              78.979346495,29.453360684,0
              78.980277681,29.453366585,0
              78.980270941,29.454181564,0
              78.981202134,29.454187460,0
              78.981208867,29.453372481,0
              78.983071239,29.453384256,0
              78.983077960,29.452569277,0
              78.984009140,29.452575156,0
              78.984002426,29.453390136,0
              78.985864799,29.453401879,0
              78.985851394,29.455031836,0
              78.986782593,29.455037699,0
              78.986769199,29.456667652,0
              78.987700411,29.456673510,0
              78.987687029,29.458303456,0
              78.988618252,29.458309309,0
              78.988604882,29.459939252,0
              78.991398592,29.459956778,0
              78.991391925,29.460771748,0
              78.992323168,29.460777579,0
              78.992296526,29.464037444,0
              78.994159060,29.464049091,0
              78.994152411,29.464864054,0
              78.995083685,29.464869870,0
              78.995077043,29.465684832,0
              78.996008323,29.465690642,0
              78.996001687,29.466505602,0
              78.996932973,29.466511407,0
              78.996926343,29.467326367,0
              78.997857635,29.467332166,0
              78.997851011,29.468147125,0
              78.998782309,29.468152919,0
              78.998775690,29.468967876,0
              79.000638301,29.468979448,0
              79.000631695,29.469794404,0
              79.001563006,29.469800182,0
              79.001556406,29.470615136,0
              79.002487724,29.470620909,0
              79.002481130,29.471435863,0
              79.003412453,29.471441630,0
              79.003405865,29.472256583,0
              79.004337195,29.472262344,0
              79.004330614,29.473077296,0
              79.006193286,29.473088803,0
              79.006186717,29.473903754,0
              79.007118060,29.473909499,0
              79.007111496,29.474724448,0
              79.008042844,29.474730189,0
              79.008029729,29.476360082,0
              79.008961091,29.476365817,0
              79.008954540,29.477180763,0
              79.009885907,29.477186493,0
              79.009872817,29.478816380,0
              79.008941437,29.478810650,0
              79.008934885,29.479625591,0
              79.008003499,29.479619856,0
              79.007983826,29.482064674,0
              79.007052423,29.482058933,0
              79.007032730,29.484503739,0
              79.006101307,29.484497992,0
              79.006081595,29.486942788,0
              79.007013036,29.486948534,0
              79.006999907,29.488578391,0
              79.008862813,29.488589867,0
              79.008856260,29.489404794,0
              79.010719180,29.489416249,0
              79.010699559,29.491861022,0
              79.011631037,29.491866742,0
              79.011624503,29.492681664,0
              79.012555988,29.492687378,0
              79.012542931,29.494317218,0
              79.013474427,29.494322926,0
              79.013461382,29.495952762,0
              79.014392892,29.495958465,0
              79.014314690,29.505737374,0
              79.013383106,29.505731670,0
              79.013376583,29.506546571,0
              79.014308172,29.506552274,0
              79.014282102,29.509811867,0
              79.013350487,29.509806163,0
              79.013343963,29.510621057,0
              79.012412344,29.510615347,0
              79.012405814,29.511430241,0
              79.010542561,29.511418806,0
              79.010536019,29.512233699,0
              79.009604386,29.512227973,0
              79.009597837,29.513042864,0
              79.008666199,29.513037133,0
              79.008659644,29.513852023,0
              79.006796356,29.513840545,0
              79.006789788,29.514655434,0
              79.005858138,29.514649686,0
              79.005851564,29.515464573,0
              79.004919907,29.515458820,0
              79.004926487,29.514643934,0
              79.003994837,29.514638176,0
              79.004001423,29.513823287,0
              78.998411561,29.513788627,0
              78.998404938,29.514603515,0
              78.995609990,29.514586112,0
              78.995603348,29.515400998,0
              78.994671692,29.515395186,0
              78.994665045,29.516210072,0
              78.992801721,29.516198432,0
              78.992795061,29.517013316,0
              78.990000059,29.516995816,0
              78.989986702,29.518625580,0
              78.988123342,29.518613886,0
              78.988116651,29.519428766,0
              78.985321595,29.519411184,0
              78.985328305,29.518596305,0
              78.984396626,29.518590434,0
              78.984389910,29.519405313,0
              78.981594855,29.519387667,0
              78.981588120,29.520202546,0
              78.976929666,29.520173028,0
              78.976936431,29.519358149,0
              78.973209693,29.519334437,0
              78.973202903,29.520149316,0
              78.968544453,29.520119555,0
              78.968537632,29.520934433,0
              78.967605936,29.520928464,0
              78.967599109,29.521743340,0
              78.962008897,29.521707417,0
              78.962002033,29.522522292,0
              78.952684961,29.522461988,0
              78.952678035,29.523276861,0
              78.948951184,29.523252589,0
              78.948958135,29.522437716,0
              78.947094722,29.522425547,0
              78.947087759,29.523240420,0
              78.943360910,29.523216018,0
              78.943353923,29.524030889,0
              78.942422204,29.524024775,0
              78.942415210,29.524839645,0
              78.938688314,29.524815135,0
              78.938695333,29.524000265,0
              78.937763615,29.523994124,0
              78.937756590,29.524808994,0
              78.934029696,29.524784377,0
              78.934036745,29.523969507,0
              78.933105028,29.523963339,0
              78.933097972,29.524778209,0
              78.930302803,29.524759673,0
              78.930288655,29.526389409,0
              78.929356920,29.526383219,0
              78.929342759,29.528012950,0
              78.927479263,29.528000554,0
              78.927486356,29.527185690,0
              78.917237208,29.527117131,0
              78.917244368,29.526302266,0
              78.912585699,29.526270887,0
              78.912592890,29.525456020,0
              78.911661163,29.525449728,0
              78.911680635,29.523245043,0
              78.911604088,29.523102238,0
              78.911550787,29.522189505,0
              78.911495589,29.521491434,0
              78.911139286,29.520147297,0
              78.910842452,29.519018235,0
              78.910850042,29.518159576,0
              78.911661007,29.517548546,0
              78.911839352,29.517307550,0
              78.912579906,29.516829525,0
              78.913444115,29.516244992,0
              78.914549960,29.516091438,0
              78.915903120,29.515724863,0
              78.916580875,29.515407405,0
              78.917384170,29.514768770,0
              78.918434293,29.513970776,0
              78.919425871,29.512850364,0
              78.919862885,29.511994576,0
              78.919325750,29.510273529,0
              78.919087393,29.509466876,0
              78.918912277,29.508445964,0
              78.918306753,29.507529501,0
              78.917394004,29.506664640,0
              78.916238220,29.505529785,0
              78.915634146,29.504452304,0
              78.915893242,29.502897593,0
              78.916694571,29.502473617,0
              78.917925817,29.501998854,0
              78.918729958,29.501252861,0
              78.919167407,29.500343386,0
              78.918258003,29.499102843,0
              78.917771926,29.498562863,0
              78.916981001,29.497806146,0
              78.916989017,29.496893785,0
              78.917671380,29.496039627,0
              78.918351378,29.495453807,0
              78.919590545,29.494066660,0
              78.919598542,29.493154291,0
              78.919426266,29.491811336,0
              78.918944921,29.490734663,0
              78.918281907,29.489388406,0
              78.918964690,29.488480560,0
              78.919588471,29.487303953,0
              78.920395328,29.486235913,0
              78.921822628,29.484366932,0
              78.922196775,29.483671690,0
              78.922512862,29.482600348,0
              78.922890753,29.481475743,0
              78.923021403,29.480564173,0
              78.922540070,29.479487489,0
              78.921565222,29.478729537,0
              78.920896137,29.478080974,0
              78.920167601,29.477217314,0
              78.920117546,29.475928813,0
              78.920128359,29.474694391,0
              78.920014149,29.473727496,0
              78.919715464,29.472813036,0
              78.919723459,29.471900632,0
              78.919791848,29.471095980,0
              78.919985255,29.470023794,0
              78.920727842,29.469277334,0
              78.921901162,29.468372731,0
              78.922647479,29.467196890,0
              78.922848131,29.466039535,0
              78.921995814,29.464562471,0
              78.922444908,29.463657949,0
              78.920539367,29.462781443,0
              78.919198094,29.461859969,0
              78.917918170,29.460938895,0
              78.916242319,29.459726588,0
              78.915417822,29.459311815,0
              78.913945932,29.459301892,0
              78.911897083,29.459718828,0
              78.910659388,29.457901269,0
              78.908750088,29.457334441,0
              78.907168886,29.455820799,0
              78.907802599,29.453517041,0
              78.908315539,29.450997748,0
              78.908765710,29.448639045,0
              78.908717687,29.447135779,0
              78.907441323,29.445838883,0
              78.904510262,29.444423367,0
              78.900536340,29.443054351,0
              78.897420025,29.441798463,0
              78.897253390,29.441730991,0
              78.898484761,29.441719737,0
              78.899798023,29.441600684,0
              78.900198844,29.441548471,0
              78.900949493,29.440801896,0
              78.901921865,29.440055273,0
              78.902945339,29.439502897,0
              78.904036967,29.439040100,0
              78.905452655,29.438517676,0
              78.906706226,29.438092326,0
              78.908002491,29.437689330,0
              78.908691829,29.437537294,0
              78.909724767,29.437411858,0
              78.910358960,29.437413503,0
              78.910628519,29.437412033,0
              78.911356898,29.437341311,0
              78.912813642,29.437105516,0
              78.914061345,29.436723941,0
              78.914789713,29.436582310,0
              78.915774326,29.436346229,0
              78.916907397,29.435885729,0
              78.917329721,29.435550316,0
              78.917380776,29.435515487,0
              78.917494208,29.435407345,0
              78.918195721,29.434639558,0
              78.918721795,29.434320685,0
              78.919342280,29.434344459,0
              78.919908674,29.434403590,0
              78.920569652,29.434415449,0
              78.921000363,29.434333274,0
              78.921004194,29.434332543,0
              78.921243803,29.434285240,0
              78.922341475,29.434350766,0
              78.923287069,29.434409497,0
              78.923758561,29.434420807,0
              78.924420741,29.434066829,0
              78.924925840,29.433895445,0
              78.925343226,29.433895490,0
              78.926005389,29.434215827,0
              78.926798897,29.434617366,0
              78.927932496,29.435161037,0
              78.929012119,29.435643794,0
              78.930171545,29.435986751,0
              78.931635093,29.436264218,0
              78.932660499,29.436618357,0
              78.933052209,29.436938700,0
              78.933577852,29.437186836,0
              78.934252923,29.437471043,0
              78.934559555,29.437538657,0
              78.934925433,29.437676275,0
              78.935610726,29.438001121,0
              78.936337451,29.438278516,0
              78.936777986,29.438386764,0
              78.937298459,29.438422906,0
              78.938094650,29.438361946,0
              78.939035184,29.438368798,0
              78.940065889,29.438488259,0
              78.941081101,29.438718350,0
              78.941671172,29.438740829,0
              78.942083429,29.438682177,0
              78.942330800,29.438632603,0
              78.940965133,29.437953691,0
              78.940375038,29.437617681,0
              78.940313122,29.436627504,0
              78.940274503,29.435946336,0
              78.940238395,29.435326095,0
              78.942060030,29.435260699,0
              78.942918052,29.435393661,0
              78.943116402,29.434750871,0
              78.942335686,29.434523069,0
              78.941967288,29.434496098,0
              78.941676080,29.434509567,0
              78.941109305,29.434615656,0
              78.940498633,29.434642683,0
              78.940083767,29.434629139,0
              78.939699862,29.434629170,0
              78.939272119,29.434482545,0
              78.938308550,29.434067577,0
              78.937295908,29.433544289,0
              78.936407029,29.433048101,0
              78.935894228,29.432707454,0
              78.935559309,29.432305973,0
              78.935311938,29.431956364,0
              78.934992452,29.431500760,0
              78.934608597,29.431205293,0
              78.934119078,29.430896302,0
              78.933629542,29.430722595,0
              78.933016321,29.430695535,0
              78.932495933,29.430641335,0
              78.931913580,29.430481204,0
              78.931431888,29.430260097,0
              78.930512097,29.429642028,0
              78.929777773,29.429078130,0
              78.929272874,29.428771402,0
              78.928858056,29.428381096,0
              78.928597863,29.427993194,0
              78.928306827,29.427711244,0
              78.927732280,29.427341303,0
              78.927028945,29.427018678,0
              78.926493079,29.426725381,0
              78.925957288,29.426267484,0
              78.925712481,29.426012584,0
              78.925465199,29.425597557,0
              78.925313297,29.425114928,0
              78.925107301,29.424248787,0
              78.925122793,29.423671375,0
              78.924952845,29.423123223,0
              78.924587049,29.422369863,0
              78.924334771,29.421533085,0
              78.924378681,29.420540649,0
              78.924242171,29.419721956,0
              78.923974345,29.418869315,0
              78.923423158,29.418226455,0
              78.922902842,29.417703152,0
              78.922428941,29.417220370,0
              78.922029671,29.416721873,0
              78.921532566,29.415950396,0
              78.921226185,29.414903848,0
              78.921393774,29.414342285,0
              78.921548383,29.413805457,0
              78.921386124,29.413422037,0
              78.920652051,29.412833258,0
              78.920178226,29.412201618,0
              78.919426093,29.411263262,0
              78.918952274,29.410417366,0
              78.918746274,29.409941405,0
              78.918653757,29.409217425,0
              78.918762074,29.408197923,0
              78.918808586,29.407593497,0
              78.918615619,29.406084562,0
              78.918448398,29.404837221,0
              78.918379063,29.403569653,0
              78.918180853,29.403447773,0
              78.917093945,29.402937841,0
              78.916406203,29.402669395,0
              78.915486744,29.402414314,0
              78.914659982,29.402051031,0
              78.913902734,29.401884056,0
              78.913395408,29.401656113,0
              78.912555739,29.401227422,0
              78.911989340,29.400462661,0
              78.911482081,29.399670909,0
              78.911178388,29.398879160,0
              78.911230097,29.397986036,0
              78.911353901,29.397101917,0
              78.911583352,29.396538016,0
              78.912029021,29.395854758,0
              78.912325428,29.395324744,0
              78.912418202,29.394815060,0
              78.912204631,29.394278203,0
              78.911790052,29.393808960,0
              78.911424404,29.393472778,0
              78.910994415,29.393055456,0
              78.910543714,29.392768893,0
              78.909946301,29.392619926,0
              78.909289550,29.392391959,0
              78.908905876,29.392191128,0
              78.908491331,29.391613691,0
              78.908187618,29.391171480,0
              78.907559357,29.390620984,0
              78.906884614,29.390205834,0
              78.906065740,29.389944047,0
              78.905684561,29.389876230,0
              78.905300934,29.389754350,0
              78.905071751,29.389567110,0
              78.904628917,29.388962538,0
              78.904183653,29.388278984,0
              78.903756310,29.387568438,0
              78.903426906,29.386889428,0
              78.903058861,29.386192381,0
              78.902845205,29.385777335,0
              78.902569859,29.385359942,0
              78.902186164,29.385012525,0
              78.901681549,29.384689839,0
              78.900847327,29.384254238,0
              78.900175243,29.383863897,0
              78.899593417,29.383568247,0
              78.898766777,29.383234183,0
              78.898061298,29.382965619,0
              78.897311962,29.382830034,0
              78.896438997,29.382683152,0
              78.895560870,29.382540719,0
              78.894808903,29.382407485,0
              78.894257941,29.382206562,0
              78.893982390,29.382084664,0
              78.893663090,29.381989763,0
              78.893233191,29.381748357,0
              78.892836659,29.381506812,0
              78.892499380,29.381305982,0
              78.892162204,29.381023898,0
              78.891948609,29.380595276,0
              78.891856059,29.380139640,0
              78.891657902,29.379844132,0
              78.891328475,29.379433487,0
              78.890762180,29.378950670,0
              78.890334889,29.378548966,0
              78.890044073,29.378253457,0
              78.889583544,29.377233738,0
              78.888842591,29.375765137,0
              78.888683233,29.375029821,0
              78.888682931,29.375028627,0
              78.888682920,29.375028586,0
              78.888681924,29.375024676,0
              78.887962782,29.373900108,0
              78.887334847,29.373112718,0
              78.886953806,29.373013342,0
              78.886709188,29.373013204,0
              78.885673958,29.373229359,0
              78.884527714,29.373774700,0
              78.883791154,29.374038261,0
              78.882974594,29.374439402,0
              78.882266380,29.374655702,0
              78.881939324,29.374750253,0
              78.881558060,29.374986962,0
              78.881495957,29.375042403,0
              78.881446832,29.375096851,0
              78.881315676,29.375171664,0
              78.881315632,29.375171688,0
              78.881135639,29.375229797,0
              78.880679824,29.375256667,0
              78.879896962,29.375238295,0
              78.879072957,29.375201768,0
              78.878545133,29.375165471,0
              78.877873037,29.375077235,0
              78.877793443,29.375053871,0
              78.877733994,29.375025238,0
              78.877144617,29.374454909,0
              78.876627406,29.373953969,0
              78.875973698,29.373213896,0
              78.875729507,29.372638555,0
              78.875732419,29.372043138,0
              78.875949227,29.371111744,0
              78.876330735,29.370469052,0
              78.876603760,29.370277489,0
              78.877257943,29.370113142,0
              78.878239074,29.369899319,0
              78.878947324,29.369757511,0
              78.879575741,29.369423961,0
              78.879849108,29.368779037,0
              78.879905998,29.368249036,0
              78.879769877,29.367610690,0
              78.879443279,29.366965427,0
              78.879093384,29.366421683,0
              78.878712508,29.366065149,0
              78.878249081,29.365920656,0
              78.877294025,29.365559281,0
              78.876480695,29.365080720,0
              78.875500073,29.364484826,0
              78.874846193,29.364148447,0
              78.874141029,29.363645165,0
              78.873541292,29.363358443,0
              78.871698615,29.362267568,0
              78.870197205,29.361620892,0
              78.868572254,29.361242659,0
              78.866970843,29.361297418,0
              78.865554556,29.360984475,0
              78.864681570,29.360599142,0
              78.863643547,29.359841719,0
              78.862667477,29.359239819,0
              78.861773776,29.358664969,0
              78.861341157,29.358529804,0
              78.860313672,29.358255022,0
              78.858442000,29.358318771,0
              78.857394183,29.358671063,0
              78.856428955,29.359217139,0
              78.855862680,29.359557917,0
              78.854856132,29.359855980,0
              78.853993762,29.360235132,0
              78.853375840,29.360449573,0
              78.852348618,29.360607771,0
              78.851926274,29.360391397,0
              78.851568112,29.359672007,0
              78.851145350,29.358321065,0
              78.850918501,29.357561020,0
              78.850887264,29.356703985,0
              78.851020846,29.355912255,0
              78.851123670,29.355582926,0
              78.851442809,29.355043710,0
              78.851841408,29.354089526,0
              78.852006068,29.353755689,0
              78.852510270,29.352733824,0
              78.852981168,29.351941930,0
              78.853742832,29.351084686,0
              78.854051555,29.350674098,0
              78.855253585,29.350080523,0
              78.855807062,29.349863781,0
              78.855974569,29.349783654,0
              78.855976894,29.349782542,0
              78.855973742,29.349782328,0
              78.855315215,29.349737611,0
              78.854563528,29.349701745,0
              78.854439563,29.348873995,0
              78.854099345,29.347789199,0
              78.852876088,29.346898722,0
              78.851807513,29.346186240,0
              78.849865899,29.344876337,0
              78.849021436,29.344409670,0
              78.848372687,29.344427921,0
              78.846359439,29.344178033,0
              78.845579486,29.344250389,0
              78.843728770,29.344934228,0
              78.840235676,29.346033462,0
              78.839844602,29.346680884,0
              78.838714778,29.348086259,0
              78.837523066,29.349076639,0
              78.835757312,29.350518241,0
              78.834601627,29.351253726,0
              78.833883228,29.351113937,0
              78.832403002,29.351258552,0
              78.830737289,29.351545171,0
              78.829301031,29.352896477,0
              78.828806792,29.353564091,0
              78.827964979,29.353976969,0
              78.827450172,29.354265719,0
              78.827182406,29.354680767,0
              78.827264874,29.355113854,0
              78.827882877,29.355851325,0
              78.827924205,29.356410621,0
              78.827883123,29.357003852,0
              78.827532996,29.357689549,0
              78.827533088,29.358120383,0
              78.827842174,29.358607520,0
              78.828336636,29.359726180,0
              78.828233753,29.360032957,0
              78.827914482,29.360463840,0
              78.827391905,29.361050255,0
              78.827000625,29.361266890,0
              78.826629836,29.361330048,0
              78.826354414,29.361492470,0
              78.826313179,29.361814993,0
              78.826436846,29.362094658,0
              78.826866888,29.362311155,0
              78.827392112,29.362635890,0
              78.827567316,29.363292254,0
              78.827598339,29.363824535,0
              78.827320281,29.364165115,0
              78.826735880,29.364652411,0
              78.825984098,29.365200590,0
              78.825860601,29.365606606,0
              78.826035681,29.366066653,0
              78.826599648,29.366596689,0
              78.828018427,29.366731814,0
              78.829282853,29.367264018,0
              78.830001351,29.367766860,0
              78.830258867,29.368071312,0
              78.829973102,29.368342034,0
              78.829489069,29.368423335,0
              78.829015230,29.368278991,0
              78.828255568,29.367882109,0
              78.827750888,29.367891159,0
              78.827073632,29.367990555,0
              78.826303771,29.367963496,0
              78.825809398,29.367900431,0
              78.825286621,29.367668141,0
              78.824730421,29.367190008,0
              78.824187032,29.366443468,0
              78.823960334,29.366001455,0
              78.823538008,29.365435345,0
              78.823136271,29.364607573,0
              78.822961185,29.364226395,0
              78.823033104,29.363373877,0
              78.822940451,29.362814484,0
              78.822734326,29.362365655,0
              78.822376383,29.361914612,0
              78.822190975,29.361519889,0
              78.821985037,29.361095885,0
              78.822036426,29.360466550,0
              78.822108426,29.360033499,0
              78.822118695,29.359483194,0
              78.822149558,29.359196687,0
              78.821789080,29.358574224,0
              78.820967666,29.357096877,0
              78.819960827,29.355405352,0
              78.819026144,29.353792672,0
              78.818132690,29.352507055,0
              78.818094092,29.352410123,0
              78.817653775,29.351622891,0
              78.816489997,29.350048624,0
              78.815753650,29.349090088,0
              78.815079159,29.347854061,0
              78.814631169,29.346726242,0
              78.813977234,29.345812825,0
              78.813323428,29.344919650,0
              78.812690053,29.343816650,0
              78.811892005,29.342420556,0
              78.811299986,29.341346892,0
              78.810504544,29.340183037,0
              78.809871302,29.339472481,0
              78.808911124,29.338935665,0
              78.807809389,29.338398800,0
              78.806584116,29.337879972,0
              78.805235305,29.337379180,0
              78.803366630,29.336569342,0
              78.803364658,29.336568452,0
              78.801273964,29.335626346,0
              78.800192934,29.334890964,0
              78.799899450,29.334633815,0
              78.799899997,29.334633561,0
              78.801016676,29.334117406,0
              78.801333305,29.333713653,0
              78.801454347,29.333490381,0
              78.801495552,29.333122773,0
              78.801608838,29.332890465,0
              78.801781372,29.332585950,0
              78.802149495,29.332229667,0
              78.802424855,29.331940943,0
              78.802638557,29.331681624,0
              78.802772368,29.331510206,0
              78.802854756,29.331304967,0
              78.802823934,29.331108686,0
              78.802659266,29.330580867,0
              78.802548648,29.330204246,0
              78.802607862,29.330059849,0
              78.802679903,29.329940373,0
              78.802975900,29.329635859,0
              78.803076321,29.329403545,0
              78.803096903,29.329189232,0
              78.802924528,29.328938943,0
              78.802800996,29.328643395,0
              78.802731530,29.328411094,0
              78.802770188,29.328025417,0
              78.802801016,29.327757036,0
              78.802577129,29.327547222,0
              78.802412418,29.327477283,0
              78.801923357,29.327574227,0
              78.801545006,29.327628294,0
              78.801300481,29.327520015,0
              78.801135812,29.327208765,0
              78.801066376,29.326823104,0
              78.801087037,29.326482456,0
              78.801238877,29.326241181,0
              78.801310953,29.325848696,0
              78.801197804,29.325302841,0
              78.801596834,29.324797639,0
              78.801872246,29.324351062,0
              78.802412805,29.323437673,0
              78.803228841,29.322122773,0
              78.804302197,29.320196607,0
              78.804719230,29.319307936,0
              78.803283142,29.319226696,0
              78.801623124,29.319082205,0
              78.800850941,29.319379868,0
              78.800294982,29.319533199,0
              78.799739080,29.319605268,0
              78.798912927,29.319485671,0
              78.798194943,29.319068306,0
              78.797816651,29.318646429,0
              78.796995944,29.317238939,0
              78.796398996,29.316278003,0
              78.795729915,29.315393754,0
              78.795444357,29.314768901,0
              78.795431683,29.314042662,0
              78.795686583,29.312815640,0
              78.795908145,29.311823271,0
              78.795195224,29.312199869,0
              78.794147624,29.312968815,0
              78.793151552,29.313640844,0
              78.792201792,29.314118898,0
              78.790801675,29.314716319,0
              78.789548224,29.315354413,0
              78.789522395,29.315685958,0
              78.789656191,29.315974730,0
              78.789730738,29.316346882,0
              78.789864435,29.316710046,0
              78.789993074,29.316991998,0
              78.790175807,29.317183752,0
              78.790222010,29.317504112,0
              78.790137016,29.317952935,0
              78.790270726,29.318336344,0
              78.790538336,29.318945399,0
              78.791770799,29.320316990,0
              78.792190242,29.320741022,0
              78.792517032,29.321072651,0
              78.792730597,29.321501273,0
              78.793016262,29.321751695,0
              78.793813862,29.323051006,0
              78.794251286,29.323766041,0
              78.794619282,29.324129213,0
              78.794866251,29.324478835,0
              78.795396370,29.325069874,0
              78.794590628,29.325811853,0
              78.794456868,29.325699079,0
              78.793741221,29.326260519,0
              78.793087340,29.326887464,0
              78.793087304,29.327040824,0
              78.793393565,29.327442378,0
              78.793854248,29.327746972,0
              78.793771792,29.327893575,0
              78.793444882,29.328225049,0
              78.792760121,29.328779842,0
              78.791207765,29.330067420,0
              78.790515296,29.330649260,0
              78.790514785,29.330648719,0
              78.789990280,29.330092056,0
              78.789763934,29.329622849,0
              78.789290420,29.329155900,0
              78.788737074,29.328812942,0
              78.788181259,29.328093340,0
              78.787916365,29.327281295,0
              78.787381125,29.326543612,0
              78.786784139,29.326164587,0
              78.786127707,29.326579490,0
              78.785777564,29.326922225,0
              78.785247215,29.327208629,0
              78.784814951,29.326940138,0
              78.784135484,29.326561027,0
              78.783829172,29.326741385,0
              78.783314396,29.326741242,0
              78.782843458,29.326398336,0
              78.781590230,29.325588310,0
              78.780480989,29.325443660,0
              78.779945526,29.325569867,0
              78.779615918,29.326054747,0
              78.779165403,29.326523773,0
              78.778815272,29.326577820,0
              78.778424107,29.326415254,0
              78.777479720,29.325785735,0
              78.777173440,29.325898469,0
              78.775883616,29.326759704,0
              78.773327078,29.328549835,0
              78.773674373,29.329034832,0
              78.774533722,29.330153851,0
              78.774533290,29.331103415,0
              78.774041515,29.331712277,0
              78.774306481,29.332034852,0
              78.773428496,29.332769936,0
              78.772037962,29.334023562,0
              78.771240237,29.333540617,0
              78.770483264,29.333953125,0
              78.769967808,29.334328766,0
              78.769623259,29.334579855,0
              78.768747897,29.335089382,0
              78.768356549,29.335405007,0
              78.767660786,29.335946679,0
              78.767658680,29.335948320,0
              78.766883582,29.336550307,0
              78.766700668,29.337089321,0
              78.766548613,29.337459181,0
              78.766547929,29.337458614,0
              78.766018533,29.337019129,0
              78.765159143,29.336251959,0
              78.764801482,29.335895403,0
              78.764176287,29.335150915,0
              78.763319407,29.334532531,0
              78.762521771,29.333970665,0
              78.761706053,29.333440261,0
              78.760805328,29.332984320,0
              78.759793832,29.332742532,0
              78.758259971,29.332421670,0
              78.756780124,29.332053387,0
              78.755603925,29.331775485,0
              78.754263002,29.331452322,0
              78.753761167,29.331276195,0
              78.753761097,29.331275995,0
              78.753671215,29.331021271,0
              78.753607032,29.330782121,0
              78.753298382,29.330380566,0
              78.753012902,29.329931552,0
              78.752858613,29.329701413,0
              78.752815112,29.329360823,0
              78.752784363,29.329123946,0
              78.753013606,29.328878189,0
              78.753183601,29.328670812,0
              78.753520982,29.328276197,0
              78.753714165,29.327915456,0
              78.753688822,29.327380878,0
              78.753423938,29.326963445,0
              78.753035520,29.326449042,0
              78.752647052,29.326126291,0
              78.751865062,29.325381624,0
              78.750843770,29.324503806,0
              78.749729776,29.323686733,0
              78.749729630,29.323686424,0
              78.749547283,29.323300990,0
              78.749393565,29.322252090,0
              78.749201622,29.320384404,0
              78.749292151,29.319703311,0
              78.749701543,29.319360654,0
              78.750031573,29.318953430,0
              78.750085286,29.318887152,0
              78.750141581,29.318821443,0
              78.750479343,29.318427195,0
              78.750703546,29.318016855,0
              78.750693466,29.317649217,0
              78.750315246,29.317412196,0
              78.749702822,29.317251774,0
              78.749182882,29.317276749,0
              78.748658446,29.317438197,0
              78.748562686,29.317475297,0
              78.748440852,29.317515731,0
              78.748157550,29.317513523,0
              78.747498448,29.317650270,0
              78.747190472,29.317420257,0
              78.746646428,29.317519470,0
              78.746236869,29.317661116,0
              78.746086642,29.317840259,0
              78.745865799,29.317998157,0
              78.745076538,29.317997903,0
              78.744917564,29.317709929,0
              78.744718751,29.317359568,0
              78.744233361,29.317329168,0
              78.743997150,29.317008072,0
              78.743392060,29.316477171,0
              78.742925910,29.315882321,0
              78.742446432,29.315861413,0
              78.741718581,29.315866953,0
              78.740935994,29.315802280,0
              78.740673228,29.315843978,0
              78.740485054,29.316105584,0
              78.740062630,29.316516111,0
              78.740078402,29.316953722,0
              78.740482937,29.316974633,0
              78.740795929,29.316711048,0
              78.741658385,29.317140516,0
              78.741367677,29.317534339,0
              78.741243340,29.317820097,0
              78.741086659,29.318300696,0
              78.741035346,29.318702306,0
              78.741103939,29.319252657,0
              78.741085327,29.319755030,0
              78.740959214,29.320141854,0
              78.740754801,29.320341259,0
              78.740669847,29.320475985,0
              78.740379309,29.320521001,0
              78.740136747,29.320492495,0
              78.739813145,29.320472220,0
              78.739454732,29.320558086,0
              78.739217616,29.320656728,0
              78.738819213,29.320694982,0
              78.738348420,29.320555308,0
              78.738099201,29.320517879,0
              78.737730252,29.320571724,0
              78.737365453,29.320622062,0
              78.737190913,29.320611240,0
              78.736717038,29.320773047,0
              78.736168539,29.320975650,0
              78.735768136,29.321208975,0
              78.735468680,29.321393425,0
              78.735191561,29.321517767,0
              78.734882551,29.321719295,0
              78.734493263,29.321855158,0
              78.734039830,29.321996426,0
              78.733665786,29.321960961,0
              78.733668842,29.321917024,0
              78.733681610,29.321733477,0
              78.733961206,29.321440084,0
              78.734185403,29.320957072,0
              78.734212010,29.320664640,0
              78.734206750,29.320519756,0
              78.734237236,29.320342638,0
              78.734482201,29.319972115,0
              78.734906786,29.319682818,0
              78.735327649,29.319427485,0
              78.735616356,29.319231709,0
              78.735764497,29.318928409,0
              78.735768037,29.318582586,0
              78.735624677,29.318418878,0
              78.735262456,29.318217973,0
              78.735001417,29.318017866,0
              78.734838823,29.317756457,0
              78.734507413,29.317511455,0
              78.734177835,29.317417221,0
              78.733687773,29.317513861,0
              78.733243835,29.317717277,0
              78.732875034,29.317829651,0
              78.732551049,29.317847785,0
              78.732298645,29.317792586,0
              78.732084587,29.317616492,0
              78.731924733,29.317417178,0
              78.731805899,29.317164979,0
              78.731739232,29.316759481,0
              78.731577981,29.316368016,0
              78.731359427,29.315973142,0
              78.731530030,29.315782348,0
              78.731968734,29.315431094,0
              78.732132408,29.315257981,0
              78.732183479,29.314882972,0
              78.732095333,29.314598500,0
              78.731921840,29.314413856,0
              78.731694997,29.314169671,0
              78.731454602,29.313931291,0
              78.731340145,29.313581578,0
              78.731389850,29.313339576,0
              78.731608363,29.313081174,0
              78.731769875,29.312789805,0
              78.731923970,29.312491567,0
              78.731987957,29.312244663,0
              78.732202634,29.311702450,0
              78.732758376,29.310790469,0
              78.733076282,29.310048058,0
              78.733198887,29.309274544,0
              78.733220108,29.308520921,0
              78.733651513,29.307891732,0
              78.734000645,29.307391957,0
              78.734392436,29.307007803,0
              78.735175715,29.306597173,0
              78.735222236,29.306006329,0
              78.735039199,29.305437324,0
              78.734761073,29.304932602,0
              78.734609195,29.303955905,0
              78.734579832,29.303529999,0
              78.734450393,29.302996887,0
              78.734107637,29.302875941,0
              78.733445891,29.302947580,0
              78.731929544,29.303479526,0
              78.730651915,29.303753213,0
              78.729359821,29.304121367,0
              78.728607101,29.304511521,0
              78.727189879,29.305565951,0
              78.726487364,29.305010553,0
              78.725542660,29.304394106,0
              78.724533295,29.304161429,0
              78.722981969,29.303504675,0
              78.722736538,29.303756944,0
              78.722484545,29.303991424,0
              78.722266061,29.304246864,0
              78.721815950,29.304071828,0
              78.721403011,29.304541511,0
              78.721157177,29.304832203,0
              78.720770047,29.305414419,0
              78.720508393,29.305929645,0
              78.720334143,29.306472171,0
              78.720116171,29.306677356,0
              78.719785252,29.306716102,0
              78.719513166,29.306935637,0
              78.719221553,29.307087025,0
              78.718858319,29.306989533,0
              78.718584792,29.306697658,0
              78.718836890,29.306454317,0
              78.719174919,29.306054991,0
              78.719317261,29.305662971,0
              78.719139752,29.305218145,0
              78.718803596,29.305112000,0
              78.718550398,29.304811417,0
              78.718558646,29.304666636,0
              78.718633878,29.304566730,0
              78.718680907,29.304259674,0
              78.718590439,29.303877620,0
              78.718365235,29.303479709,0
            </coordinates>
          </LinearRing>
        </outerBoundaryIs>
      </Polygon>
      </MultiGeometry>
    </Placemark>
    <Placemark>
      <description>Jata Ganga Watershed

WATERSHED AREA : </description>
      <name>Jata Ganga Watershed</name>
      <styleUrl>#area2</styleUrl>
      <MultiGeometry>
      <Point>
      <coordinates>79.884677081,29.617788037,0</coordinates>
      </Point>
      <Polygon>
        <outerBoundaryIs>
          <LinearRing>
            <coordinates>
              79.929443359,29.660598755,0
              79.929321288,29.660604477,0
              79.927825928,29.661085129,0
              79.925636292,29.662477493,0
              79.924842834,29.663129807,0
              79.924377441,29.663309097,0
              79.920631409,29.663103104,0
              79.919052124,29.663442612,0
              79.917510986,29.664379120,0
              79.916618347,29.664726257,0
              79.916427612,29.664724350,0
              79.916091919,29.664720535,0
              79.915206909,29.664573669,0
              79.913963318,29.664527893,0
              79.913825989,29.664569855,0
              79.912101746,29.665075302,0
              79.909629822,29.666355133,0
              79.908294678,29.666734695,0
              79.906196594,29.666610718,0
              79.905158997,29.666145325,0
              79.903724670,29.664442062,0
              79.902961731,29.663875580,0
              79.901077271,29.663049698,0
              79.899909974,29.662582397,0
              79.899078369,29.661308289,0
              79.898300170,29.659118652,0
              79.895118712,29.655292511,0
              79.893432617,29.654081345,0
              79.892677307,29.653732300,0
              79.891868591,29.653362274,0
              79.889900208,29.653099060,0
              79.883911133,29.651750565,0
              79.879318237,29.651252747,0
              79.875732422,29.651153564,0
              79.871467590,29.651777267,0
              79.870315552,29.651943207,0
              79.870285034,29.651950836,0
              79.865600586,29.652580262,0
              79.860671997,29.653417587,0
              79.858406068,29.654136658,0
              79.858177185,29.654188156,0
              79.856346130,29.654611588,0
              79.854331970,29.654663086,0
              79.854225159,29.654647827,0
              79.851930439,29.654295835,0
              79.850872633,29.654238373,0
              79.850277964,29.654283055,0
              79.848638208,29.654672497,0
              79.846877408,29.655291157,0
              79.846335700,29.655429734,0
              79.845618335,29.655516038,0
              79.845092812,29.655433925,0
              79.843260627,29.655314952,0
              79.841667175,29.655397415,0
              79.837686294,29.656419855,0
              79.837878114,29.655676547,0
              79.837727843,29.654999735,0
              79.837489963,29.654553709,0
              79.835719644,29.652612069,0
              79.833321147,29.650841750,0
              79.831456729,29.649226721,0
              79.830492131,29.648391125,0
              79.829909168,29.647886117,0
              79.829774538,29.647464051,0
              79.829526066,29.646685082,0
              79.829520539,29.646600842,0
              79.829486780,29.646086232,0
              79.829477475,29.645944386,0
              79.829456411,29.645623298,0
              79.829462658,29.645529629,0
              79.829497278,29.645010561,0
              79.829508652,29.644840015,0
              79.829635755,29.644509555,0
              79.829685728,29.644379625,0
              79.829805847,29.644067322,0
              79.830345672,29.642640006,0
              79.830495228,29.642034927,0
              79.830711362,29.641160471,0
              79.830711363,29.640981145,0
              79.830711363,29.640410074,0
              79.830711362,29.640098687,0
              79.830641624,29.639318235,0
              79.830572107,29.638540267,0
              79.830563587,29.638460777,0
              79.830481633,29.637696213,0
              79.830415383,29.637078138,0
              79.830310901,29.635441946,0
              79.829788488,29.633892786,0
              79.828846315,29.631064949,0
              79.828420673,29.630094904,0
              79.828410971,29.630072791,0
              79.828410971,29.629689852,0
              79.828410971,29.629446164,0
              79.828412230,29.629442075,0
              79.828480627,29.629219882,0
              79.828637350,29.628941381,0
              79.828907235,29.628633751,0
              79.829557137,29.627892952,0
              79.829629934,29.627809972,0
              79.830413554,29.627235564,0
              79.830668384,29.626920910,0
              79.831005621,29.626504499,0
              79.831528033,29.625756029,0
              79.832060574,29.624491734,0
              79.832140771,29.624301339,0
              79.832837323,29.622786992,0
              79.833185596,29.621638176,0
              79.833250265,29.621165579,0
              79.833385498,29.620177286,0
              79.833684088,29.616869331,0
              79.833883983,29.615727925,0
              79.834083684,29.614587601,0
              79.834409615,29.613936023,0
              79.834855042,29.613045546,0
              79.835244725,29.612588290,0
              79.835427340,29.612374006,0
              79.835949872,29.612038237,0
              79.836037187,29.611999835,0
              79.836222551,29.611918311,0
              79.836571936,29.611764646,0
              79.837131792,29.611640287,0
              79.837567235,29.611615416,0
              79.838642394,29.611736452,0
              79.839849196,29.611910555,0
              79.840832055,29.611910554,0
              79.841001299,29.611885884,0
              79.841429234,29.611823503,0
              79.841914443,29.611549913,0
              79.841968936,29.611492849,0
              79.842175710,29.611276322,0
              79.842374770,29.610990297,0
              79.842399652,29.610679398,0
              79.842399652,29.610331192,0
              79.842250358,29.609771576,0
              79.842101063,29.609162216,0
              79.841665618,29.608341445,0
              79.841208326,29.607608188,0
              79.841068438,29.607383879,0
              79.840521023,29.606538237,0
              79.840415681,29.606411872,0
              79.839284076,29.605316474,0
              79.838784389,29.604935761,0
              79.838534547,29.604662123,0
              79.838296599,29.604174333,0
              79.838091426,29.603571658,0
              79.837805276,29.602663836,0
              79.837668423,29.602054475,0
              79.837687886,29.601630457,0
              79.837692698,29.601525643,0
              79.838090817,29.599709998,0
              79.838775086,29.597086019,0
              79.839160765,29.596041401,0
              79.839677656,29.595360374,0
              79.840072960,29.594839544,0
              79.840819435,29.594192876,0
              79.841450361,29.593701081,0
              79.842175532,29.593135822,0
              79.842722947,29.592837361,0
              79.843506746,29.592514027,0
              79.844768843,29.592075431,0
              79.846000528,29.591752098,0
              79.846958504,29.591441200,0
              79.847617891,29.591030814,0
              79.848139528,29.590490442,0
              79.848302159,29.590321967,0
              79.848894916,29.589292886,0
              79.849011311,29.589090810,0
              79.849484078,29.588108373,0
              79.849607262,29.587778559,0
              79.849832433,29.587175679,0
              79.850006361,29.585961523,0
              79.850013984,29.585428132,0
              79.850043685,29.583349980,0
              79.850081009,29.581186129,0
              79.849981479,29.579325965,0
              79.849931714,29.577846090,0
              79.849955431,29.577358419,0
              79.850018803,29.576055317,0
              79.850181138,29.573573096,0
              79.850280667,29.570911809,0
              79.850417521,29.569916935,0
              79.850616581,29.569481678,0
              79.850790759,29.569195652,0
              79.851076908,29.568847446,0
              79.851081266,29.568841379,0
              79.852274113,29.571639602,0
              79.852562421,29.572094827,0
              79.852884531,29.572429556,0
              79.853963530,29.572948306,0
              79.855914688,29.573519377,0
              79.858151381,29.573995269,0
              79.859414020,29.574224839,0
              79.860611744,29.574642483,0
              79.860840173,29.574756696,0
              79.861872105,29.575111952,0
              79.862756233,29.575171050,0
              79.863457579,29.575042232,0
              79.864647310,29.574613929,0
              79.865955913,29.574184238,0
              79.866842265,29.574026085,0
              79.867574047,29.573947679,0
              79.867678512,29.573936072,0
              79.870214473,29.573515735,0
              79.870643553,29.573424198,0
              79.872314453,29.573268890,0
              79.873157205,29.573504576,0
              79.873946287,29.573995737,0
              79.874746799,29.574708797,0
              79.875372135,29.575522896,0
              79.875843655,29.576490547,0
              79.877421069,29.578757555,0
              79.878503778,29.579941440,0
              79.879918142,29.581957855,0
              79.880307566,29.582513029,0
              79.881195068,29.584257126,0
              79.881553650,29.584924698,0
              79.881439209,29.586431503,0
              79.881537438,29.588156244,0
              79.881675065,29.589050253,0
              79.882288904,29.590482545,0
              79.882741355,29.591355004,0
              79.883626807,29.592542806,0
              79.885362263,29.595414170,0
              79.885397904,29.595474859,0
              79.885820847,29.595986120,0
              79.888088840,29.598215793,0
              79.889427287,29.600089619,0
              79.889967885,29.600879723,0
              79.892288208,29.598667145,0
              79.893798828,29.597280502,0
              79.894714355,29.596780777,0
              79.895446777,29.596372604,0
              79.896052950,29.596114322,0
              79.896745743,29.596003634,0
              79.898799389,29.596197415,0
              79.901178850,29.596673308,0
              79.902515877,29.597094224,0
              79.903427399,29.597649395,0
              79.904264273,29.598262254,0
              79.904558029,29.598446572,0
              79.904718298,29.598547133,0
              79.905315743,29.598989802,0
              79.906413664,29.600093783,0
              79.908372099,29.601974929,0
              79.910133361,29.603086472,0
              79.911834717,29.604307175,0
              79.912540777,29.604495786,0
              79.913462818,29.604495786,0
              79.915596008,29.604179382,0
              79.917381288,29.604259491,0
              79.918289185,29.604391098,0
              79.918937683,29.604778290,0
              79.919982910,29.605903625,0
              79.920600891,29.606418610,0
              79.920997620,29.606708527,0
              79.921325684,29.606807709,0
              79.921394348,29.606807709,0
              79.921691895,29.606809616,0
              79.922676086,29.606626511,0
              79.923698425,29.606603622,0
              79.925476074,29.607030869,0
              79.927001953,29.607519150,0
              79.929306030,29.608556747,0
              79.930595398,29.609430313,0
              79.931747437,29.610170364,0
              79.932762146,29.611291885,0
              79.933654785,29.612827301,0
              79.934364319,29.614904404,0
              79.934410095,29.614866257,0
              79.934440613,29.615947723,0
              79.934791565,29.617025375,0
              79.935699463,29.617748260,0
              79.938957213,29.620168686,0
              79.940666199,29.622413635,0
              79.941482544,29.623140335,0
              79.942749023,29.624303818,0
              79.944236755,29.625989914,0
              79.945098876,29.626754761,0
              79.947013855,29.627843857,0
              79.947013855,29.627813339,0
              79.947860718,29.627738953,0
              79.949043274,29.627393723,0
              79.952072144,29.626005172,0
              79.952819824,29.626066208,0
              79.953804016,29.626560211,0
              79.955383302,29.627744675,0
              79.958038330,29.628904343,0
              79.959678650,29.630113602,0
              79.960227966,29.630931854,0
              79.961135864,29.633462906,0
              79.961746216,29.634498596,0
              79.962242126,29.634830475,0
              79.962829590,29.634889603,0
              79.964759827,29.634904861,0
              79.966499329,29.635080338,0
              79.968170166,29.635824203,0
              79.969276428,29.636728287,0
              79.969795227,29.637765884,0
              79.970498596,29.639255071,0
              79.971496940,29.641176528,0
              79.971493493,29.641178790,0
              79.969291687,29.642623901,0
              79.967102051,29.643907547,0
              79.965393871,29.644699674,0
              79.963862507,29.645469208,0
              79.962766658,29.645988390,0
              79.962196350,29.646333694,0
              79.959152222,29.648735046,0
              79.956909180,29.650974274,0
              79.955734253,29.651632309,0
              79.954521179,29.652080536,0
              79.950935364,29.652296066,0
              79.950341806,29.652328150,0
              79.949542801,29.652469908,0
              79.948422669,29.652949606,0
              79.947894154,29.653290028,0
              79.946964374,29.654191633,0
              79.946446394,29.654824890,0
              79.945365906,29.656829834,0
              79.944915771,29.657247543,0
              79.944229126,29.657417297,0
              79.943099976,29.657514571,0
              79.942169189,29.657541275,0
              79.940635681,29.657741547,0
              79.939868267,29.657858269,0
              79.939194104,29.658108129,0
              79.938976315,29.658232775,0
              79.938017000,29.658966842,0
              79.936312107,29.660452876,0
              79.936164856,29.660503387,0
              79.933827332,29.660328149,0
              79.931257514,29.660304354,0
              79.929594133,29.660591945,0
              79.929443359,29.660598755,0
            </coordinates>
          </LinearRing>
        </outerBoundaryIs>
      </Polygon>
      </MultiGeometry>
    </Placemark>
    <Placemark>
      <description>Garud Ganga Watershed

WATERSHED AREA : </description>
      <name>Garud Ganga Watershed</name>
      <styleUrl>#area3</styleUrl>
      <MultiGeometry>
      <Point>
      <coordinates>79.563495340,29.886732071,0</coordinates>
      </Point>
      <Polygon>
        <outerBoundaryIs>
          <LinearRing>
            <coordinates>
              79.505268474,29.900558831,0
              79.505158671,29.900470989,0
              79.503328808,29.899185139,0
              79.503112858,29.899061740,0
              79.502463331,29.898690581,0
              79.501869863,29.898319663,0
              79.501527612,29.898020461,0
              79.501309053,29.897792357,0
              79.501026441,29.897324814,0
              79.500807848,29.896932947,0
              79.500526295,29.896443524,0
              79.500086249,29.895672243,0
              79.499601050,29.894956918,0
              79.499208065,29.894261400,0
              79.499063625,29.894005761,0
              79.498774565,29.893317306,0
              79.498709278,29.893111659,0
              79.498630032,29.892862037,0
              79.498561179,29.892352545,0
              79.498552368,29.891956813,0
              79.498570858,29.891675863,0
              79.498636952,29.890941805,0
              79.498713079,29.890206827,0
              79.498752383,29.889853518,0
              79.498789202,29.889522540,0
              79.498865672,29.889150208,0
              79.498984205,29.888573077,0
              79.498992204,29.888534124,0
              79.499043263,29.888334777,0
              79.499271329,29.887444334,0
              79.499491057,29.886900647,0
              79.499572342,29.886699518,0
              79.499860122,29.886253515,0
              79.500034194,29.886038178,0
              79.500471195,29.885678100,0
              79.500917075,29.885310703,0
              79.501671452,29.884820276,0
              79.502130848,29.884569843,0
              79.502865211,29.884334847,0
              79.503452702,29.884011727,0
              79.503816646,29.883777763,0
              79.503863946,29.883747356,0
              79.504275188,29.883482985,0
              79.504686432,29.883159865,0
              79.504846454,29.882976983,0
              79.504892055,29.882924869,0
              79.505042264,29.882645908,0
              79.505097676,29.882543000,0
              79.505420796,29.881485516,0
              79.505685166,29.880516157,0
              79.505928742,29.879893686,0
              79.505949538,29.879840542,0
              79.506155160,29.879311800,0
              79.506566403,29.878783059,0
              79.507242528,29.878064682,0
              79.507976381,29.877284957,0
              79.508327041,29.876812922,0
              79.509503856,29.875228739,0
              79.509944475,29.874699998,0
              79.509952859,29.874688121,0
              79.510296970,29.874200630,0
              79.510502592,29.873848136,0
              79.510594924,29.873534208,0
              79.510649464,29.873348769,0
              79.510704391,29.873129062,0
              79.510721762,29.873142081,0
              79.511337180,29.873392340,0
              79.512015897,29.873512678,0
              79.512121596,29.873531419,0
              79.512466116,29.873566134,0
              79.512670658,29.873586743,0
              79.513263006,29.873580167,0
              79.513469898,29.873577869,0
              79.513501173,29.873577522,0
              79.513586559,29.873553175,0
              79.513695294,29.873522171,0
              79.515953787,29.872878164,0
              79.518620600,29.871889941,0
              79.522745451,29.870825915,0
              79.524900094,29.870243570,0
              79.528043754,29.869908280,0
              79.533507694,29.869698617,0
              79.537455414,29.869450741,0
              79.540546090,29.869115451,0
              79.543371853,29.868568399,0
              79.546948914,29.867433786,0
              79.547073491,29.867390698,0
              79.550622405,29.866163214,0
              79.552062907,29.865639921,0
              79.552659506,29.865423189,0
              79.553298950,29.865249634,0
              79.553443793,29.865138263,0
              79.553620914,29.865073916,0
              79.554180650,29.864870566,0
              79.556441260,29.863723522,0
              79.557228713,29.863244876,0
              79.557911948,29.862994556,0
              79.558595182,29.862846642,0
              79.560200783,29.862687349,0
              79.561794997,29.862721483,0
              79.564024023,29.862868532,0
              79.566073726,29.862811641,0
              79.568704179,29.862936801,0
              79.571495155,29.863056454,0
              79.573175807,29.862970336,0
              79.574612260,29.862755041,0
              79.575517227,29.862396216,0
              79.575694579,29.862276414,0
              79.576537109,29.861707271,0
              79.577427711,29.860745619,0
              79.579032109,29.857308606,0
              79.580119325,29.855823935,0
              79.581294453,29.854575600,0
              79.581840753,29.853995255,0
              79.583852104,29.852293315,0
              79.585398426,29.850813827,0
              79.586263993,29.850256211,0
              79.586775568,29.849926646,0
              79.588796448,29.849237145,0
              79.589004362,29.849166204,0
              79.589631119,29.849053675,0
              79.590045054,29.848979355,0
              79.591438275,29.848273481,0
              79.592923057,29.847816624,0
              79.594636270,29.847702410,0
              79.597185838,29.847420414,0
              79.598456077,29.847022827,0
              79.600014422,29.846171858,0
              79.602335566,29.844641788,0
              79.604430783,29.843231559,0
              79.607064354,29.841952176,0
              79.608513318,29.841182244,0
              79.608627091,29.841121787,0
              79.609191344,29.840872666,0
              79.610398580,29.840518653,0
              79.611933870,29.840203974,0
              79.612458756,29.840217085,0
              79.612898688,29.840282555,0
              79.613075496,29.840308867,0
              79.613574136,29.840505541,0
              79.614269611,29.840898889,0
              79.614494580,29.841182243,0
              79.614835717,29.841611912,0
              79.615098159,29.842005260,0
              79.615347480,29.842726398,0
              79.615583679,29.843198417,0
              79.615937977,29.843631099,0
              79.616659693,29.844050671,0
              79.617827564,29.844339126,0
              79.619736473,29.844657022,0
              79.620956833,29.844604576,0
              79.621770405,29.844630799,0
              79.622767687,29.844657022,0
              79.622777325,29.844659973,0
              79.622844122,29.844680426,0
              79.623581261,29.844906142,0
              79.624546442,29.845251723,0
              79.624557398,29.845257020,0
              79.625166692,29.845551603,0
              79.625360014,29.845645071,0
              79.625858655,29.845972861,0
              79.626422908,29.846471102,0
              79.626732200,29.846815807,0
              79.627105259,29.847231576,0
              79.627383317,29.847673102,0
              79.627877341,29.848996837,0
              79.628293745,29.850008108,0
              79.628739895,29.850781433,0
              79.629278210,29.851104442,0
              79.629990265,29.851531697,0
              79.630764332,29.851836719,0
              79.631165532,29.851994810,0
              79.631149292,29.852596283,0
              79.631286621,29.853473663,0
              79.631157031,29.855806291,0
              79.631141663,29.856082916,0
              79.631233215,29.857233047,0
              79.631162749,29.858582611,0
              79.631019592,29.861324310,0
              79.631111145,29.862546921,0
              79.631584167,29.865028381,0
              79.631614685,29.865161896,0
              79.631652832,29.866292954,0
              79.631019592,29.868825912,0
              79.630180359,29.871002197,0
              79.629356384,29.874475479,0
              79.628570557,29.876417160,0
              79.628318788,29.877166748,0
              79.628311157,29.877851486,0
              79.628936768,29.879171371,0
              79.630584717,29.881143570,0
              79.630958557,29.881641388,0
              79.631164550,29.882112503,0
              79.631095886,29.882434845,0
              79.631050110,29.882652283,0
              79.630088806,29.883794786,0
              79.629432678,29.884353638,0
              79.628395081,29.885282516,0
              79.627413607,29.886758979,0
              79.626818742,29.888519780,0
              79.626818742,29.890018840,0
              79.626818742,29.892184150,0
              79.626937715,29.894278076,0
              79.627342223,29.896705126,0
              79.627627758,29.898132802,0
              79.627832551,29.900842929,0
              79.628784335,29.901280750,0
              79.629302722,29.901499906,0
              79.629342283,29.901516631,0
              79.629196167,29.901609421,0
              79.629081726,29.901685715,0
              79.628868103,29.901826859,0
              79.628189086,29.902280807,0
              79.626342773,29.902919769,0
              79.625610352,29.903007507,0
              79.624420167,29.903158188,0
              79.622154236,29.903110504,0
              79.619033813,29.902231216,0
              79.617179871,29.901836395,0
              79.615158081,29.901462555,0
              79.613372803,29.901512146,0
              79.612022400,29.901689529,0
              79.609825134,29.902629852,0
              79.608520508,29.903249741,0
              79.607368469,29.904272079,0
              79.606468201,29.904851913,0
              79.605545044,29.905500412,0
              79.604789734,29.905679703,0
              79.603302002,29.905710220,0
              79.602462769,29.905984879,0
              79.601509095,29.906633377,0
              79.598777771,29.908838272,0
              79.598007202,29.909463882,0
              79.596023560,29.910312653,0
              79.594184874,29.910505295,0
              79.593185425,29.910610199,0
              79.588485718,29.912607193,0
              79.584518433,29.914705276,0
              79.581932068,29.916135788,0
              79.580375671,29.917129517,0
              79.578895569,29.918548584,0
              79.577117920,29.919704437,0
              79.576797484,29.919912338,0
              79.575126648,29.921749115,0
              79.574089050,29.922304153,0
              79.572875977,29.922548294,0
              79.570404052,29.923135757,0
              79.568984985,29.923793793,0
              79.568069458,29.924215317,0
              79.567710876,29.924303055,0
              79.566711426,29.924554825,0
              79.565849304,29.924545288,0
              79.563827515,29.924169539,0
              79.562965393,29.924089432,0
              79.561553955,29.924520493,0
              79.560035705,29.924951553,0
              79.558570862,29.925497055,0
              79.558082581,29.925588608,0
              79.557304382,29.925390244,0
              79.554275513,29.923925400,0
              79.554183960,29.923906326,0
              79.553085327,29.923675537,0
              79.552467346,29.923692703,0
              79.551651001,29.924295425,0
              79.551261902,29.924760818,0
              79.550491333,29.926021576,0
              79.549583435,29.927047729,0
              79.548957825,29.927555084,0
              79.548408508,29.927785873,0
              79.547546387,29.927820206,0
              79.545249939,29.927843094,0
              79.544570923,29.928070068,0
              79.543937683,29.928747177,0
              79.542167664,29.930067062,0
              79.541435243,29.930248260,0
              79.540214539,29.930515289,0
              79.538917542,29.930410385,0
              79.537467957,29.929756165,0
              79.536109924,29.928567886,0
              79.535545349,29.928394318,0
              79.535499573,29.928392410,0
              79.535064697,29.928367615,0
              79.534301758,29.928405762,0
              79.529525757,29.930349350,0
              79.524704442,29.929472398,0
              79.521016278,29.929472398,0
              79.517506573,29.929472398,0
              79.513758921,29.929948290,0
              79.509892297,29.930305209,0
              79.508452757,29.931638034,0
              79.507952923,29.931257208,0
              79.507606732,29.931059385,0
              79.507136902,29.930985201,0
              79.506617618,29.930985201,0
              79.505702685,29.931108841,0
              79.505084488,29.931257208,0
              79.504589930,29.931479759,0
              79.504095372,29.931776494,0
              79.502818124,29.932703529,0
              79.502562243,29.932889249,0
              79.502166597,29.933111800,0
              79.501696767,29.933210711,0
              79.501325849,29.933260167,0
              79.500930203,29.933210711,0
              79.500707652,29.933062344,0
              79.500633468,29.932790337,0
              79.500707652,29.932444147,0
              79.501029114,29.931652854,0
              79.501301121,29.930935746,0
              79.501548400,29.929575712,0
              79.501597856,29.929031698,0
              79.501746223,29.928215678,0
              79.502018230,29.927498569,0
              79.502216053,29.927152379,0
              79.502685883,29.926435270,0
              79.503304080,29.925619250,0
              79.506098331,29.921143502,0
              79.506543432,29.920253298,0
              79.506716528,29.919734013,0
              79.506790712,29.919288911,0
              79.506840168,29.918695441,0
              79.506568161,29.916469932,0
              79.506215592,29.914893742,0
              79.505702685,29.913255306,0
              79.505479443,29.912517794,0
              79.505430679,29.912241463,0
              79.505504862,29.911647994,0
              79.505702686,29.910386871,0
              79.506197243,29.906405682,0
              79.506296154,29.904996192,0
              79.506320882,29.904155444,0
              79.506246700,29.903191056,0
              79.506221971,29.902424492,0
              79.506147787,29.902004118,0
              79.506024147,29.901608472,0
              79.505851052,29.901237553,0
              79.505529590,29.900767723,0
              79.505268474,29.900558831,0
            </coordinates>
          </LinearRing>
        </outerBoundaryIs>
      </Polygon>
      </MultiGeometry>
    </Placemark>
    <Placemark>
      <description>Shipra River Watershed

WATERSHED AREA : </description>
      <name>Shipra River Watershed</name>
      <styleUrl>#area4</styleUrl>
      <MultiGeometry>
      <Point>
      <coordinates>79.478694137,29.446003310,0</coordinates>
      </Point>
      <Polygon>
        <outerBoundaryIs>
          <LinearRing>
            <coordinates>
              79.479202989,29.496149497,0
              79.478565293,29.496539729,0
              79.478441561,29.496834782,0
              79.478459691,29.497329236,0
              79.478640018,29.497809730,0
              79.479341291,29.498550491,0
              79.480407004,29.499556396,0
              79.480924155,29.500044525,0
              79.481630201,29.500880248,0
              79.481966781,29.501368061,0
              79.482118241,29.501839054,0
              79.482236044,29.502461436,0
              79.482236044,29.503050177,0
              79.482168728,29.503638917,0
              79.481729998,29.504854489,0
              79.481494393,29.505375944,0
              79.480028400,29.507297772,0
              79.478631596,29.508492074,0
              79.477857463,29.508996709,0
              79.476612120,29.509854588,0
              79.475732600,29.510277955,0
              79.475684114,29.510283804,0
              79.474657072,29.509490517,0
              79.473929875,29.508658504,0
              79.472800211,29.506221849,0
              79.472265107,29.504736084,0
              79.471320943,29.502455834,0
              79.470589091,29.501424465,0
              79.469125534,29.500008783,0
              79.465364359,29.495659360,0
              79.464367680,29.493701911,0
              79.463850698,29.492172987,0
              79.463816329,29.490764997,0
              79.464263117,29.487124829,0
              79.464675536,29.483244273,0
              79.465295830,29.479483292,0
              79.465376003,29.478852430,0
              79.465570775,29.477319797,0
              79.465467671,29.476392583,0
              79.465330198,29.475602736,0
              79.464982946,29.474995524,0
              79.464780306,29.474641182,0
              79.463577417,29.473404899,0
              79.462962525,29.473162651,0
              79.459779199,29.472325917,0
              79.456809631,29.471697739,0
              79.453326100,29.470841133,0
              79.451041818,29.470212955,0
              79.449899676,29.469242136,0
              79.448700428,29.467586030,0
              79.447044323,29.464730677,0
              79.445787968,29.461704003,0
              79.444911702,29.458942185,0
              79.443422064,29.455124505,0
              79.442287912,29.452342867,0
              79.441085023,29.449664253,0
              79.439985239,29.448359286,0
              79.438752217,29.446932700,0
              79.438679245,29.446848273,0
              79.436135993,29.446230132,0
              79.434177003,29.446058425,0
              79.428903563,29.446326856,0
              79.426257602,29.446764677,0
              79.424373068,29.447240569,0
              79.423268999,29.447811639,0
              79.421569219,29.448799460,0
              79.421226577,29.447961890,0
              79.420702736,29.446287496,0
              79.419894079,29.443702655,0
              79.418287943,29.439300652,0
              79.417377146,29.436655907,0
              79.419076656,29.435712686,0
              79.420920739,29.434106550,0
              79.421783293,29.432500414,0
              79.422556618,29.430596845,0
              79.423448916,29.429020452,0
              79.425590431,29.427265600,0
              79.427464256,29.425689207,0
              79.428772960,29.424439990,0
              79.430081663,29.422923083,0
              79.430617042,29.421822582,0
              79.430944218,29.420573365,0
              79.431152421,29.419294405,0
              79.431092935,29.417926215,0
              79.430914475,29.416082133,0
              79.430617042,29.414089334,0
              79.430462442,29.412239431,0
              79.430795502,29.410906805,0
              79.432163691,29.409479129,0
              79.433353422,29.408378628,0
              79.436476465,29.407516073,0
              79.439718481,29.406742748,0
              79.441556026,29.406484543,0
              79.442882449,29.404817132,0
              79.444486104,29.403427814,0
              79.445285672,29.402886994,0
              79.447838391,29.401954083,0
              79.449920420,29.401478191,0
              79.451883475,29.400675123,0
              79.455066004,29.399842311,0
              79.458010587,29.398176689,0
              79.460449535,29.397046445,0
              79.461669008,29.396213633,0
              79.462839297,29.395431616,0
              79.464437619,29.394097805,0
              79.465700334,29.393146320,0
              79.467277128,29.390894497,0
              79.468064874,29.390253136,0
              79.468560861,29.389976185,0
              79.469158962,29.389961609,0
              79.470019645,29.390034491,0
              79.471026208,29.390515511,0
              79.472003595,29.391113143,0
              79.473404029,29.392599933,0
              79.474196202,29.393417332,0
              79.474453214,29.393609940,0
              79.474932117,29.393968834,0
              79.476127979,29.394520336,0
              79.477250249,29.394961537,0
              79.478801128,29.395589025,0
              79.479787516,29.396032900,0
              79.480585723,29.396392093,0
              79.482013400,29.396778755,0
              79.483351847,29.396808499,0
              79.485790795,29.396124404,0
              79.488021539,29.395202362,0
              79.490519973,29.394101862,0
              79.491709704,29.393655713,0
              79.494416341,29.392941875,0
              79.497331180,29.392257779,0
              79.499188489,29.391968368,0
              79.500418819,29.391909295,0
              79.501907060,29.390936962,0
              79.502387111,29.390580807,0
              79.504211435,29.389227322,0
              79.505296314,29.388204065,0
              79.506605335,29.387023047,0
              79.508365931,29.384643504,0
              79.510061298,29.382472246,0
              79.510731270,29.381890262,0
              79.511573520,29.381158628,0
              79.514225353,29.378932798,0
              79.516099179,29.378218960,0
              79.519489911,29.377653838,0
              79.522880643,29.378248703,0
              79.525326607,29.379111979,0
              79.528808741,29.379656419,0
              79.531913213,29.380325975,0
              79.534213455,29.381504807,0
              79.535371448,29.382421267,0
              79.537421687,29.385162208,0
              79.538769227,29.386465993,0
              79.539695924,29.388095578,0
              79.539938390,29.389451594,0
              79.540011128,29.390734966,0
              79.539720170,29.392236268,0
              79.539020026,29.394138840,0
              79.537586578,29.396149115,0
              79.535634648,29.398128932,0
              79.535506197,29.398446806,0
              79.535233403,29.399121885,0
              79.534965676,29.400176523,0
              79.534684421,29.401284454,0
              79.534318435,29.403873445,0
              79.534593977,29.405620787,0
              79.535813934,29.408788494,0
              79.538531707,29.413464317,0
              79.539209694,29.414624713,0
              79.539923531,29.415844187,0
              79.538522702,29.418211620,0
              79.536587589,29.422178893,0
              79.535724456,29.422551757,0
              79.534353886,29.422951506,0
              79.532640674,29.423751005,0
              79.531784068,29.424550504,0
              79.529956642,29.427748499,0
              79.528758665,29.431342449,0
              79.528471858,29.432202850,0
              79.527786573,29.433516313,0
              79.525787826,29.435058204,0
              79.524417257,29.436029024,0
              79.522247188,29.438484627,0
              79.520191334,29.440254946,0
              79.519687798,29.440727964,0
              79.518306801,29.442025265,0
              79.516560794,29.443684198,0
              79.515697158,29.444019855,0
              79.512767415,29.443966906,0
              79.510368919,29.444252441,0
              79.508884135,29.444709297,0
              79.506599853,29.446079867,0
              79.503914979,29.448082810,0
              79.502850072,29.448588831,0
              79.500649072,29.449778561,0
              79.497079879,29.450789832,0
              79.492083011,29.452158022,0
              79.488275874,29.452158022,0
              79.480771077,29.450754172,0
              79.480281564,29.450662603,0
              79.479884150,29.450588263,0
              79.480780572,29.452039049,0
              79.481125593,29.452455455,0
              79.481647541,29.452989915,0
              79.482184583,29.453950140,0
              79.482325911,29.454486736,0
              79.482297645,29.455108058,0
              79.481760602,29.456915540,0
              79.481082233,29.458412360,0
              79.480961485,29.458870687,0
              79.480959031,29.458880000,0
              79.483409679,29.461242483,0
              79.484244128,29.461851793,0
              79.485206954,29.462012138,0
              79.486426533,29.462044207,0
              79.487426511,29.462535911,0
              79.488196772,29.463690392,0
              79.488742373,29.464844874,0
              79.489127502,29.465646597,0
              79.489674334,29.467148317,0
              79.490102638,29.467743183,0
              79.490721297,29.468409432,0
              79.492339330,29.469408805,0
              79.494171515,29.470907866,0
              79.494956737,29.472192775,0
              79.495504013,29.474001165,0
              79.495765754,29.475309869,0
              79.495680094,29.477184884,0
              79.491316162,29.482376868,0
              79.489166346,29.485982775,0
              79.487128311,29.488611056,0
              79.484272957,29.491085695,0
              79.480657588,29.494473513,0
              79.480262575,29.494867098,0
              79.479821649,29.495302409,0
              79.479383828,29.495825891,0
              79.479202989,29.496149497,0
            </coordinates>
          </LinearRing>
        </outerBoundaryIs>
      </Polygon>
      </MultiGeometry>
    </Placemark>
    <Placemark>
      <description>Gaudi River Watershed

WATERSHED AREA : </description>
      <name>Gaudi River Watershed</name>
      <styleUrl>#area5</styleUrl>
      <MultiGeometry>
      <Point>
      <coordinates>80.095355987,29.322880548,0</coordinates>
      </Point>
      <Polygon>
        <outerBoundaryIs>
          <LinearRing>
            <coordinates>
              80.073913574,29.319238663,0
              80.075172424,29.318353653,0
              80.076011658,29.317075729,0
              80.076087952,29.316961288,0
              80.077590942,29.314065933,0
              80.081954956,29.308202744,0
              80.083634316,29.305045598,0
              80.084449768,29.303512573,0
              80.085838318,29.300544739,0
              80.086280823,29.298744202,0
              80.086540221,29.297685623,0
              80.086830139,29.294094086,0
              80.087417603,29.290430069,0
              80.087905884,29.289205550,0
              80.087928772,29.289146423,0
              80.089103699,29.288011551,0
              80.090751648,29.287351608,0
              80.092735291,29.286655427,0
              80.093650818,29.285776138,0
              80.093833923,29.284494400,0
              80.093833923,29.282257080,0
              80.094604492,29.281049728,0
              80.095596313,29.279985428,0
              80.097534181,29.279472351,0
              80.098419189,29.279472351,0
              80.100135803,29.279766083,0
              80.102264404,29.280536652,0
              80.103111267,29.280498505,0
              80.103263855,29.281240463,0
              80.103378296,29.281654358,0
              80.103645325,29.282035828,0
              80.105110168,29.283313751,0
              80.106079102,29.284160614,0
              80.106282437,29.284405317,0
              80.108291626,29.286823273,0
              80.109329760,29.287899117,0
              80.110247666,29.290311269,0
              80.111597296,29.293162815,0
              80.112739437,29.294343028,0
              80.114376506,29.295104455,0
              80.117517110,29.295753388,0
              80.119972229,29.296159744,0
              80.126823425,29.297370911,0
              80.127319336,29.297542572,0
              80.127944946,29.298095703,0
              80.128517151,29.298860550,0
              80.129554749,29.300256729,0
              80.132110596,29.303541183,0
              80.132804871,29.304121017,0
              80.131225585,29.305427551,0
              80.129890442,29.307298660,0
              80.129325866,29.308010101,0
              80.128479005,29.309093475,0
              80.127212524,29.312110901,0
              80.125152588,29.314134598,0
              80.125099181,29.314159393,0
              80.122055054,29.315586090,0
              80.119461060,29.317800522,0
              80.118621826,29.319328308,0
              80.117622375,29.324560165,0
              80.117622375,29.326356888,0
              80.118347168,29.331098558,0
              80.118583679,29.332658768,0
              80.120643616,29.337432861,0
              80.122169495,29.340257645,0
              80.123245239,29.341901779,0
              80.127021790,29.346904755,0
              80.128440512,29.351639487,0
              80.129601689,29.354551947,0
              80.130153724,29.356569730,0
              80.130283133,29.357112641,0
              80.128211024,29.357546113,0
              80.126129150,29.357709885,0
              80.121459961,29.358642578,0
              80.118568420,29.359125137,0
              80.115180969,29.360595703,0
              80.112083435,29.362445831,0
              80.109245300,29.364070892,0
              80.105697632,29.366317749,0
              80.104385376,29.367010117,0
              80.102760315,29.367389679,0
              80.101562500,29.367511749,0
              80.100097656,29.367183685,0
              80.095756530,29.365730286,0
              80.093383789,29.364471436,0
              80.092796326,29.364156723,0
              80.090568542,29.362531663,0
              80.089149475,29.361822128,0
              80.085670470,29.360889435,0
              80.084442139,29.360618591,0
              80.081848145,29.360042572,0
              80.075271606,29.358451843,0
              80.072418213,29.357484818,0
              80.066986084,29.355859756,0
              80.065193176,29.355806351,0
              80.062995911,29.355806352,0
              80.060615540,29.356023788,0
              80.059814453,29.355510712,0
              80.059005737,29.354631424,0
              80.057907104,29.351846695,0
              80.057907104,29.350746155,0
              80.058341980,29.348878860,0
              80.060600281,29.344425201,0
              80.060981750,29.343673706,0
              80.062744141,29.340705872,0
              80.064537048,29.339094162,0
              80.066520691,29.336381912,0
              80.067054749,29.335254669,0
              80.067176819,29.334989548,0
              80.067070008,29.334037781,0
              80.065490723,29.330226898,0
              80.064651489,29.328577042,0
              80.064506531,29.327697754,0
              80.065345765,29.325571060,0
              80.066848755,29.323373795,0
              80.068901063,29.322164536,0
              80.072570801,29.320184708,0
              80.073913574,29.319238663,0
            </coordinates>
          </LinearRing>
        </outerBoundaryIs>
      </Polygon>
      </MultiGeometry>
    </Placemark>
    <Placemark>
      <description>Ramganga East Watershed

WATERSHED AREA : </description>
      <name>Ramganga East Watershed</name>
      <styleUrl>#area6</styleUrl>
      <MultiGeometry>
      <Point>
      <coordinates>80.146835327,29.845336614,0</coordinates>
      </Point>
      <Polygon>
        <outerBoundaryIs>
          <LinearRing>
            <coordinates>
              80.099227905,30.226123810,0
              80.098472595,30.225881577,0
              80.097839356,30.225923538,0
              80.097264550,30.226106812,0
              80.096786499,30.226259232,0
              80.096183777,30.226299285,0
              80.096180065,30.226298908,0
              80.095733643,30.226253510,0
              80.095458983,30.226070405,0
              80.095466614,30.225757601,0
              80.094131470,30.225612640,0
              80.094131470,30.225587845,0
              80.093261719,30.224727631,0
              80.092674255,30.224235535,0
              80.091804504,30.223722459,0
              80.090293885,30.222831726,0
              80.089256287,30.221797943,0
              80.088020325,30.220571518,0
              80.085540771,30.217798233,0
              80.084831238,30.216869354,0
              80.084358215,30.215614319,0
              80.083969116,30.214687347,0
              80.081710815,30.211315155,0
              80.081420898,30.210758209,0
              80.081474304,30.210250854,0
              80.081596375,30.209993362,0
              80.082046509,30.209003448,0
              80.082687378,30.206348419,0
              80.083366394,30.202304840,0
              80.083549500,30.199897766,0
              80.083389282,30.199386597,0
              80.083114624,30.199083328,0
              80.082229615,30.198129654,0
              80.081306458,30.197290421,0
              80.080505371,30.196983337,0
              80.077102660,30.196521759,0
              80.075828552,30.196001053,0
              80.074104309,30.194879532,0
              80.072784424,30.193410873,0
              80.068817139,30.187875748,0
              80.068382263,30.186763762,0
              80.068198854,30.186294325,0
              80.067901611,30.185533524,0
              80.066520691,30.182142258,0
              80.064155579,30.178747177,0
              80.063766479,30.177589417,0
              80.063575745,30.175643921,0
              80.063240051,30.174600601,0
              80.063079834,30.174247742,0
              80.062843323,30.173740387,0
              80.062110901,30.172878265,0
              80.061614990,30.171556473,0
              80.061248779,30.170696259,0
              80.060379028,30.169696808,0
              80.060035706,30.169300079,0
              80.059509277,30.168510437,0
              80.059173584,30.167421341,0
              80.058334351,30.166025162,0
              80.057769775,30.165481567,0
              80.057388306,30.165117264,0
              80.056335449,30.163927078,0
              80.054679871,30.161577225,0
              80.054077147,30.160186768,0
              80.053390503,30.159164429,0
              80.052604675,30.158323288,0
              80.052040100,30.158025742,0
              80.051330566,30.157644272,0
              80.049819946,30.156961441,0
              80.047754170,30.156561009,0
              80.047714233,30.156553268,0
              80.046363831,30.156288147,0
              80.046272278,30.156257629,0
              80.045196534,30.155862808,0
              80.042808533,30.154296875,0
              80.041275024,30.153312683,0
              80.040542603,30.153110504,0
              80.037757874,30.149066925,0
              80.036621094,30.147531509,0
              80.036323547,30.146671295,0
              80.036201477,30.145168304,0
              80.036102295,30.144308090,0
              80.036270142,30.143693924,0
              80.037162781,30.142410278,0
              80.039573669,30.140094758,0
              80.040405273,30.139289856,0
              80.040428162,30.139247894,0
              80.041206360,30.138128281,0
              80.041687012,30.137201309,0
              80.041633606,30.136699677,0
              80.041450500,30.135721207,0
              80.041412354,30.134338379,0
              80.041748047,30.133483887,0
              80.042198182,30.132295609,0
              80.042633057,30.131036758,0
              80.042648314,30.130987167,0
              80.042686462,30.130224228,0
              80.042579651,30.129749298,0
              80.041839600,30.129314423,0
              80.040832520,30.128688812,0
              80.039939880,30.127607346,0
              80.039787291,30.126392365,0
              80.039520264,30.125175476,0
              80.039550781,30.124322891,0
              80.039558411,30.124103546,0
              80.039711000,30.122814178,0
              80.039611816,30.121864319,0
              80.039451599,30.120979309,0
              80.038726807,30.119829178,0
              80.037528992,30.118677139,0
              80.037208557,30.117841721,0
              80.037216187,30.117101669,0
              80.037391663,30.116365433,0
              80.037612915,30.115556718,0
              80.037757874,30.114963531,0
              80.037796021,30.113840103,0
              80.038131714,30.112939835,0
              80.039077759,30.111421585,0
              80.039642334,30.110162735,0
              80.039787292,30.109041214,0
              80.039688110,30.108278275,0
              80.039421081,30.107467651,0
              80.038581848,30.106126785,0
              80.038322449,30.105192185,0
              80.038276672,30.103599548,0
              80.038444519,30.102199554,0
              80.038490295,30.101858139,0
              80.038383484,30.101238251,0
              80.038063049,30.100618362,0
              80.037925720,30.100448608,0
              80.037841797,30.100444794,0
              80.037460327,30.100423813,0
              80.036804199,30.100559235,0
              80.035209656,30.100835800,0
              80.034439087,30.100660324,0
              80.033271789,30.100034714,0
              80.031776428,30.098712921,0
              80.030807495,30.097505569,0
              80.030311584,30.096889496,0
              80.029685974,30.096002579,0
              80.029525757,30.095638274,0
              80.029418945,30.095405579,0
              80.029312134,30.095071793,0
              80.029487610,30.094381331,0
              80.029884338,30.093168259,0
              80.030136108,30.092361450,0
              80.030113220,30.091739655,0
              80.029884338,30.090118408,0
              80.028816223,30.087249756,0
              80.028846741,30.086822510,0
              80.029014587,30.086227417,0
              80.029907227,30.084875107,0
              80.029884337,30.084186554,0
              80.029441833,30.081750870,0
              80.029327393,30.080104828,0
              80.029563903,30.078128815,0
              80.029975891,30.075296402,0
              80.030067444,30.074176788,0
              80.029914856,30.073268890,0
              80.029853821,30.073095322,0
              80.029670715,30.072551727,0
              80.028564453,30.071115494,0
              80.027236938,30.069246292,0
              80.027191162,30.069009781,0
              80.027084351,30.068410873,0
              80.027305603,30.067840576,0
              80.027999877,30.067295074,0
              80.029106140,30.066114426,0
              80.030052185,30.064189911,0
              80.031387329,30.062578201,0
              80.032829285,30.061090468,0
              80.034622193,30.059793472,0
              80.035011292,30.059318542,0
              80.034965514,30.058221817,0
              80.034843445,30.056600571,0
              80.034690857,30.056137085,0
              80.034393311,30.055238724,0
              80.032638551,30.052579880,0
              80.031372070,30.050550461,0
              80.030166626,30.049726486,0
              80.028694153,30.049236298,0
              80.025276184,30.048593521,0
              80.023986816,30.048347472,0
              80.023277282,30.047981262,0
              80.022109985,30.046855927,0
              80.020515442,30.044935226,0
              80.019508362,30.044021606,0
              80.018447876,30.043561935,0
              80.017707824,30.043340683,0
              80.016860962,30.043287277,0
              80.015182495,30.043441772,0
              80.014144897,30.043338777,0
              80.013534546,30.043104172,0
              80.012138367,30.041271210,0
              80.010353088,30.038902284,0
              80.009681702,30.037420273,0
              80.009269714,30.035245895,0
              80.008926392,30.033742905,0
              80.008682252,30.033216476,0
              80.008224487,30.032878876,0
              80.007270813,30.032274246,0
              80.006973267,30.031940460,0
              80.006515503,30.031032562,0
              80.006027222,30.029956818,0
              80.005470276,30.028329849,0
              80.004745483,30.027181625,0
              80.003952026,30.026588440,0
              80.004898071,30.025203705,0
              80.005867004,30.024520874,0
              80.007102966,30.024148942,0
              80.009246826,30.023759842,0
              80.011604309,30.023298264,0
              80.013145447,30.022716522,0
              80.014190674,30.021818161,0
              80.015907289,30.020307541,0
              80.017097473,30.019052505,0
              80.017448425,30.018314362,0
              80.018135071,30.016868591,0
              80.020011902,30.012353897,0
              80.020637512,30.010473251,0
              80.020645142,30.009237289,0
              80.020584106,30.007589340,0
              80.020759583,30.006496429,0
              80.021041870,30.005306244,0
              80.021629333,30.004049301,0
              80.022460938,30.003171921,0
              80.022674561,30.002958298,0
              80.025726318,29.999956131,0
              80.025535583,29.999311447,0
              80.026321412,29.997791290,0
              80.027698431,29.995523069,0
              80.027954102,29.995101929,0
              80.028480530,29.994045258,0
              80.029502869,29.991712570,0
              80.030029297,29.990829468,0
              80.030487061,29.990325928,0
              80.030677795,29.990194321,0
              80.031158447,29.989864349,0
              80.031860352,29.989564896,0
              80.032615662,29.989337921,0
              80.035545348,29.988836288,0
              80.037605286,29.988271713,0
              80.038307190,29.987867355,0
              80.039184570,29.987045288,0
              80.039634704,29.986551285,0
              80.040412904,29.985689163,0
              80.041343688,29.984954834,0
              80.042213440,29.984308243,0
              80.043342590,29.983690262,0
              80.045867920,29.982969284,0
              80.047348022,29.982324600,0
              80.049423218,29.981157303,0
              80.049560547,29.981075287,0
              80.049650778,29.980969365,0
              80.050086975,29.980457306,0
              80.050170898,29.980064392,0
              80.050148010,29.979236603,0
              80.050094603,29.977666855,0
              80.050132751,29.974950790,0
              80.050079346,29.973684311,0
              80.049560547,29.971908569,0
              80.049201965,29.969871521,0
              80.049026489,29.969072342,0
              80.048805238,29.968774796,0
              80.048400879,29.968225480,0
              80.047073364,29.967067719,0
              80.044250488,29.965185165,0
              80.041572571,29.964063644,0
              80.040870667,29.963867188,0
              80.039512635,29.963493347,0
              80.038223267,29.963413239,0
              80.036285400,29.963558198,0
              80.035087585,29.963565826,0
              80.034690857,29.963531494,0
              80.034202576,29.963485718,0
              80.033035278,29.963056564,0
              80.031723022,29.962581635,0
              80.030792236,29.962444305,0
              80.029571533,29.962463379,0
              80.027954103,29.962509155,0
              80.026679993,29.962369919,0
              80.025436401,29.962112427,0
              80.022872925,29.961149216,0
              80.021499634,29.960660934,0
              80.021461487,29.960647583,0
              80.020996094,29.960262299,0
              80.020637512,29.959579468,0
              80.020210266,29.958675385,0
              80.019813538,29.958410263,0
              80.019111633,29.958187103,0
              80.018775941,29.958183289,0
              80.017059326,29.958433151,0
              80.014701843,29.958370209,0
              80.013038635,29.958055496,0
              80.011703491,29.957668304,0
              80.011459351,29.957504272,0
              80.011093140,29.957254410,0
              80.010963440,29.956644058,0
              80.010971069,29.956193924,0
              80.011299133,29.954713821,0
              80.012031555,29.951829910,0
              80.012374878,29.949054718,0
              80.012580872,29.948286057,0
              80.013504028,29.946622849,0
              80.014167786,29.944969177,0
              80.014533997,29.943389893,0
              80.014709473,29.942476273,0
              80.014953614,29.941476822,0
              80.015113831,29.940736771,0
              80.015098571,29.940168381,0
              80.014839172,29.939163208,0
              80.013740540,29.937601089,0
              80.012435913,29.935863495,0
              80.012145997,29.935279846,0
              80.012039185,29.934202194,0
              80.012062074,29.933492661,0
              80.012115479,29.933233261,0
              80.012199402,29.932779312,0
              80.012626647,29.932117462,0
              80.013572693,29.931266785,0
              80.014678955,29.930532455,0
              80.015136719,29.930246353,0
              80.015731812,29.929872513,0
              80.016075134,29.929552079,0
              80.016838075,29.927743912,0
              80.017349243,29.926963806,0
              80.017700195,29.926588058,0
              80.018875122,29.926073074,0
              80.021286011,29.925382614,0
              80.023330688,29.924652100,0
              80.024703979,29.923749924,0
              80.025199890,29.923185349,0
              80.025314331,29.922985077,0
              80.025634766,29.922447205,0
              80.025886536,29.921260834,0
              80.026374817,29.918487549,0
              80.026765566,29.916095037,0
              80.026774642,29.914855064,0
              80.025909424,29.911537170,0
              80.025885783,29.911476549,0
              80.025669569,29.910684566,0
              80.025562908,29.910250960,0
              80.025405864,29.909901179,0
              80.025281741,29.909721892,0
              80.025103241,29.909531890,0
              80.024930643,29.909389125,0
              80.024713440,29.909151649,0
              80.024110682,29.908576094,0
              80.023934083,29.908367506,0
              80.023719134,29.908064344,0
              80.023117065,29.906925201,0
              80.021636963,29.903238297,0
              80.021316528,29.902292252,0
              80.021316528,29.902208328,0
              80.021347046,29.901840210,0
              80.021636963,29.901365280,0
              80.022277832,29.900728226,0
              80.026000977,29.898769379,0
              80.026771545,29.898206711,0
              80.027076721,29.897874832,0
              80.027267456,29.897512436,0
              80.027374268,29.896989822,0
              80.027397155,29.896738052,0
              80.027427673,29.896440506,0
              80.027389346,29.896352964,0
              80.027259827,29.896057130,0
              80.026901245,29.895431519,0
              80.026863098,29.895381927,0
              80.026275635,29.894672393,0
              80.024223328,29.893146515,0
              80.022865294,29.892221451,0
              80.019744873,29.890394211,0
              80.017135620,29.889373779,0
              80.015678406,29.888416290,0
              80.015609741,29.888374329,0
              80.014167786,29.887447357,0
              80.013160706,29.886655807,0
              80.011924744,29.884553909,0
              80.010917664,29.881828308,0
              80.010414124,29.880447388,0
              80.009376526,29.877559662,0
              80.009155273,29.877111435,0
              80.008659363,29.876117706,0
              80.007888794,29.874845505,0
              80.007682800,29.873653412,0
              80.007415771,29.872083664,0
              80.007362365,29.870498657,0
              80.007736206,29.868221283,0
              80.008110046,29.867511749,0
              80.009017944,29.866441727,0
              80.009193420,29.865964889,0
              80.009315491,29.865091324,0
              80.009315490,29.864456177,0
              80.009300232,29.862129211,0
              80.009307861,29.859584808,0
              80.009246826,29.858583450,0
              80.009338379,29.858161926,0
              80.009834290,29.856916428,0
              80.010002136,29.856365204,0
              80.010047913,29.855653763,0
              80.009719849,29.853282928,0
              80.008857727,29.851112366,0
              80.009063721,29.851133347,0
              80.009521484,29.851091385,0
              80.011230469,29.850463867,0
              80.014945984,29.849342346,0
              80.017044067,29.848802567,0
              80.018379211,29.848148346,0
              80.019523621,29.847509384,0
              80.020347595,29.846626282,0
              80.021911621,29.844781876,0
              80.022705078,29.844184875,0
              80.023818969,29.843175888,0
              80.025169373,29.841892242,0
              80.026062012,29.840862274,0
              80.026748657,29.840225220,0
              80.027137756,29.839721680,0
              80.027206421,29.839372635,0
              80.027221680,29.839273453,0
              80.027107239,29.838691711,0
              80.026802063,29.837692261,0
              80.026580811,29.836427689,0
              80.026336670,29.835655212,0
              80.025772095,29.834810257,0
              80.024360657,29.833406448,0
              80.023162842,29.832235336,0
              80.022331238,29.831096649,0
              80.021865845,29.830192566,0
              80.021575928,29.829494476,0
              80.021484375,29.829029083,0
              80.021553040,29.828739166,0
              80.021568298,29.828674316,0
              80.021842957,29.828109741,0
              80.022209167,29.827377319,0
              80.022262574,29.826824188,0
              80.022239685,29.826349258,0
              80.022064209,29.825439453,0
              80.021492005,29.824216843,0
              80.020370483,29.822290421,0
              80.019966125,29.821626663,0
              80.018867494,29.819984436,0
              80.018486023,29.819236755,0
              80.018417358,29.818811417,0
              80.018478394,29.818098068,0
              80.019081116,29.816507339,0
              80.019378662,29.815349579,0
              80.019668579,29.814428329,0
              80.020118713,29.813402176,0
              80.020286560,29.813016891,0
              80.020462036,29.812601089,0
              80.020942688,29.811813354,0
              80.021344367,29.811373654,0
              80.021728516,29.810953140,0
              80.021942139,29.810861588,0
              80.022583008,29.810583115,0
              80.023933411,29.810474396,0
              80.024897030,29.810468662,0
              80.025535583,29.810464859,0
              80.026321411,29.810169220,0
              80.026939392,29.809820175,0
              80.027389526,29.809385300,0
              80.027992249,29.808563232,0
              80.028800964,29.807695389,0
              80.029815674,29.807039261,0
              80.030119090,29.806767177,0
              80.030166627,29.806724548,0
              80.031005859,29.805995941,0
              80.031974792,29.805398941,0
              80.032699585,29.805166245,0
              80.032991685,29.805090492,0
              80.034332275,29.804742813,0
              80.034629295,29.804592151,0
              80.034858704,29.804475784,0
              80.035163879,29.804168701,0
              80.035163878,29.803897858,0
              80.034942628,29.802663803,0
              80.034736633,29.801786423,0
              80.034446716,29.800624847,0
              80.034431458,29.799570084,0
              80.034515381,29.799039841,0
              80.034561157,29.798711777,0
              80.034912109,29.797611237,0
              80.035214056,29.795238010,0
              80.035224915,29.795152664,0
              80.035346985,29.794750214,0
              80.035606384,29.794540405,0
              80.036155701,29.794343948,0
              80.036788940,29.794298172,0
              80.037780762,29.794485092,0
              80.038638837,29.794623276,0
              80.039474487,29.794757843,0
              80.039604187,29.794706345,0
              80.040016174,29.794538498,0
              80.040412903,29.794185638,0
              80.040512085,29.793582916,0
              80.040557861,29.792354584,0
              80.040599099,29.791642536,0
              80.040672302,29.790378571,0
              80.040847778,29.789751053,0
              80.041183472,29.789056778,0
              80.041442871,29.788536072,0
              80.041488647,29.787971497,0
              80.041496277,29.786384583,0
              80.041458130,29.785640717,0
              80.041198730,29.784393311,0
              80.041198730,29.784265518,0
              80.041175842,29.783792496,0
              80.041374207,29.783365250,0
              80.042098999,29.782817841,0
              80.042373657,29.782642365,0
              80.043312073,29.782337189,0
              80.045997620,29.781957626,0
              80.047019958,29.781536102,0
              80.048278809,29.780872345,0
              80.049285889,29.780372620,0
              80.050689697,29.779933929,0
              80.050964355,29.779712677,0
              80.051155090,29.779556274,0
              80.051467896,29.779001236,0
              80.051895142,29.775575638,0
              80.052085876,29.774732590,0
              80.052459717,29.773059845,0
              80.052650452,29.771333694,0
              80.052612306,29.770172119,0
              80.052429199,29.769651413,0
              80.050666809,29.766466141,0
              80.050338745,29.765735626,0
              80.050139199,29.765287509,0
              80.049453735,29.763748169,0
              80.048843384,29.762531281,0
              80.048698425,29.762243271,0
              80.048278809,29.760322571,0
              80.047821044,29.759075165,0
              80.047676086,29.758043289,0
              80.047737122,29.757289886,0
              80.048240662,29.755779266,0
              80.049501008,29.752876347,0
              80.050015690,29.751030741,0
              80.050368747,29.748219597,0
              80.050255877,29.744219940,0
              80.050176967,29.740984637,0
              80.050563219,29.737487855,0
              80.050570914,29.737203171,0
              80.050535256,29.736536632,0
              80.050610809,29.735679465,0
              80.050634603,29.734989421,0
              80.050603842,29.734228582,0
              80.048980713,29.732812881,0
              80.047773095,29.731794356,0
              80.047647444,29.731577392,0
              80.047627429,29.731503689,0
              80.047615456,29.731376989,0
              80.047617496,29.731237852,0
              80.044410706,29.732019424,0
              80.040100098,29.733154298,0
              80.036445618,29.734241486,0
              80.035049438,29.734285354,0
              80.033767700,29.734140396,0
              80.030944823,29.733333588,0
              80.029640198,29.733322144,0
              80.028167725,29.733528137,0
              80.026298523,29.734003067,0
              80.025115967,29.734184265,0
              80.024795532,29.734043121,0
              80.024956820,29.733742064,0
              80.025315129,29.733047262,0
              80.025512275,29.732435157,0
              80.025627003,29.731746785,0
              80.025703147,29.730147787,0
              80.025569897,29.728586861,0
              80.025284362,29.727292433,0
              80.024939595,29.726118847,0
              80.024898889,29.725871896,0
              80.024525502,29.724701951,0
              80.024452563,29.724225472,0
              80.024437529,29.724057195,0
              80.024448835,29.723543475,0
              80.024522935,29.723237833,0
              80.024657503,29.722862961,0
              80.025030848,29.722130135,0
              80.025306702,29.721670151,0
              80.025955370,29.721015416,0
              80.026621619,29.720016042,0
              80.027002333,29.719064258,0
              80.027053266,29.718898725,0
              80.027117788,29.718496797,0
              80.027124285,29.718342382,0
              80.027145100,29.717603269,0
              80.027049922,29.716937020,0
              80.027020293,29.716650611,0
              80.026771176,29.716057345,0
              80.026224710,29.715380852,0
              80.025374781,29.714462380,0
              80.023813795,29.712596929,0
              80.023506165,29.712200165,0
              80.023691609,29.711940212,0
              80.023899761,29.711704112,0
              80.024109053,29.711537136,0
              80.024221784,29.711475469,0
              80.025398254,29.710962296,0
              80.026710357,29.710159076,0
              80.026998533,29.709977770,0
              80.027247745,29.709884358,0
              80.027631460,29.709797478,0
              80.028304854,29.709750680,0
              80.028506152,29.709741530,0
              80.029315169,29.709741530,0
              80.030447925,29.709655715,0
              80.031524417,29.709481426,0
              80.031908781,29.709396508,0
              80.033027128,29.709206151,0
              80.033608877,29.709081491,0
              80.034858879,29.708714193,0
              80.034978286,29.708670772,0
              80.035557642,29.708431039,0
              80.036366098,29.708131774,0
              80.036555749,29.708072260,0
              80.037106559,29.707975661,0
              80.037406112,29.707961706,0
              80.039048302,29.707855572,0
              80.039616465,29.707781158,0
              80.039797389,29.707746399,0
              80.040129042,29.707622300,0
              80.040415464,29.707474964,0
              80.040596008,29.707321167,0
              80.041473390,29.706514359,0
              80.042608651,29.705264182,0
              80.042948551,29.704786920,0
              80.043323056,29.704178350,0
              80.043851296,29.703079039,0
              80.044136832,29.702265263,0
              80.044243169,29.701999420,0
              80.044365907,29.701763435,0
              80.044607965,29.701465764,0
              80.044851959,29.701354375,0
              80.044875587,29.701343588,0
              80.045869509,29.700944963,0
              80.046007088,29.700894694,0
              80.046863187,29.700430910,0
              80.047120675,29.700323623,0
              80.047687836,29.700014263,0
              80.048371043,29.699521335,0
              80.048848883,29.698997603,0
              80.049446107,29.698352814,0
              80.049552917,29.698232651,0
              80.050090586,29.697562665,0
              80.050529480,29.697015762,0
              80.051574707,29.695283890,0
              80.052459717,29.694068909,0
              80.053245545,29.693094254,0
              80.053314209,29.692417145,0
              80.053253174,29.692121506,0
              80.053199768,29.691873550,0
              80.051138520,29.688718067,0
              80.050497847,29.687519788,0
              80.050072294,29.686842624,0
              80.048933048,29.685912896,0
              80.048479900,29.685737925,0
              80.048021410,29.685630695,0
              80.047462898,29.685599614,0
              80.046577454,29.685779572,0
              80.046531676,29.685741425,0
              80.046226500,29.685113907,0
              80.045982361,29.684106827,0
              80.045066833,29.682331085,0
              80.043342589,29.680582047,0
              80.042579651,29.679668427,0
              80.041923523,29.678888321,0
              80.040626526,29.677871704,0
              80.038124084,29.676359177,0
              80.036361694,29.674961090,0
              80.035621643,29.673948288,0
              80.035476685,29.673135757,0
              80.035583496,29.672729492,0
              80.035667419,29.672403336,0
              80.036178589,29.670940399,0
              80.036476135,29.669557571,0
              80.036521911,29.667655945,0
              80.036781311,29.666978836,0
              80.037445068,29.665895462,0
              80.038482666,29.664245605,0
              80.038642883,29.663839340,0
              80.038414001,29.662454604,0
              80.038543701,29.661857604,0
              80.039108276,29.660936356,0
              80.039222718,29.660205841,0
              80.039245605,29.660093307,0
              80.039045303,29.659280971,0
              80.038970947,29.658979416,0
              80.038986206,29.657785416,0
              80.039306641,29.656618118,0
              80.039970397,29.655374527,0
              80.040069580,29.654474258,0
              80.039985657,29.653688431,0
              80.039619446,29.653221130,0
              80.038627625,29.652538300,0
              80.037948608,29.652072906,0
              80.037239075,29.651550293,0
              80.036872864,29.650705338,0
              80.036079407,29.648906708,0
              80.035873413,29.648529052,0
              80.035591125,29.648004532,0
              80.035568237,29.647325516,0
              80.035629272,29.647083283,0
              80.036956787,29.645490646,0
              80.037620544,29.644243240,0
              80.037658691,29.643646240,0
              80.037353516,29.642774582,0
              80.037139893,29.641931534,0
              80.037086487,29.641252518,0
              80.037216187,29.640871048,0
              80.037506105,29.639978409,0
              80.037895203,29.638433456,0
              80.038803101,29.637350082,0
              80.039093018,29.636230469,0
              80.039268494,29.634639740,0
              80.039520264,29.633773804,0
              80.040061951,29.633094788,0
              80.040466309,29.632364273,0
              80.040473938,29.631767273,0
              80.040611267,29.630548477,0
              80.040893555,29.629392625,0
              80.040901184,29.629354477,0
              80.041252136,29.628921509,0
              80.043334961,29.628446579,0
              80.044464111,29.627830505,0
              80.047531128,29.625869751,0
              80.047828674,29.625709534,0
              80.048469544,29.625358582,0
              80.049972533,29.624038696,0
              80.050697327,29.623094559,0
              80.050869655,29.622811332,0
              80.050946250,29.622554586,0
              80.051166643,29.621520244,0
              80.051185609,29.621223450,0
              80.051469077,29.620176032,0
              80.051772040,29.619532438,0
              80.052139282,29.619028091,0
              80.053483850,29.617973910,0
              80.054221483,29.617260072,0
              80.054744966,29.616593823,0
              80.055078089,29.615832395,0
              80.055244652,29.614880611,0
              80.055191689,29.613858955,0
              80.055267334,29.611324310,0
              80.055389404,29.610767365,0
              80.056053162,29.609548569,0
              80.056846619,29.608087540,0
              80.059043884,29.605575562,0
              80.061119080,29.603334427,0
              80.061340332,29.602682114,0
              80.061317444,29.602443695,0
              80.061286926,29.602167130,0
              80.060974121,29.601757050,0
              80.060020447,29.600828171,0
              80.059936523,29.600229263,0
              80.060218811,29.599468230,0
              80.060821534,29.598552704,0
              80.062477112,29.597366333,0
              80.063293457,29.596773148,0
              80.064949036,29.595838547,0
              80.065704346,29.594945908,0
              80.066650391,29.593322754,0
              80.068199157,29.591104507,0
              80.068664551,29.590284349,0
              80.068763733,29.590103149,0
              80.068771362,29.589668274,0
              80.068588256,29.589042664,0
              80.067970276,29.588468552,0
              80.064445496,29.586622238,0
              80.062530518,29.585386276,0
              80.061416626,29.584266663,0
              80.059013367,29.581909180,0
              80.057968140,29.580846786,0
              80.057601929,29.580135345,0
              80.057601929,29.579702377,0
              80.057737891,29.579389896,0
              80.058353415,29.578116052,0
              80.058524405,29.577595871,0
              80.058659540,29.577053691,0
              80.058786717,29.576163449,0
              80.058751026,29.574343162,0
              80.058865122,29.573088093,0
              80.059045435,29.572287463,0
              80.059180581,29.571854994,0
              80.059235774,29.571319574,0
              80.059230233,29.571204205,0
              80.059196472,29.570501328,0
              80.059249878,29.570230484,0
              80.059448242,29.568548203,0
              80.059860229,29.567546844,0
              80.060249329,29.566352844,0
              80.060249329,29.565755844,0
              80.060081482,29.564041138,0
              80.060089111,29.563499451,0
              80.060089111,29.563362122,0
              80.060653687,29.562988281,0
              80.065055848,29.561061859,0
              80.067047119,29.560207367,0
              80.068801880,29.558862686,0
              80.071250916,29.556352615,0
              80.073722838,29.554332733,0
              80.074058534,29.554103851,0
              80.074247602,29.554052738,0
              80.075834221,29.553534989,0
              80.076359587,29.553287239,0
              80.076724645,29.553032664,0
              80.077264580,29.552507322,0
              80.078083114,29.551384216,0
              80.079289025,29.549226997,0
              80.079986683,29.547831681,0
              80.080791615,29.546454762,0
              80.081246518,29.545706229,0
              80.081691786,29.544779016,0
              80.082634053,29.542376786,0
              80.083227464,29.541267279,0
              80.083709717,29.540557861,0
              80.083831787,29.540382385,0
              80.084434509,29.538919449,0
              80.085189819,29.538192750,0
              80.086128235,29.537519455,0
              80.087201434,29.537413761,0
              80.087387085,29.537395477,0
              80.087432861,29.537391663,0
              80.090019226,29.536840439,0
              80.091606140,29.536308289,0
              80.092674254,29.535388947,0
              80.093116760,29.534822464,0
              80.093185425,29.533981323,0
              80.093444824,29.532213211,0
              80.093368530,29.530721664,0
              80.093589783,29.529825211,0
              80.094123840,29.529151916,0
              80.098091125,29.527494431,0
              80.100303650,29.526365280,0
              80.101615906,29.525535583,0
              80.102675876,29.525052627,0
              80.104676789,29.524497471,0
              80.105638937,29.523998512,0
              80.108850577,29.524552940,0
              80.110359192,29.524505615,0
              80.112701416,29.523626328,0
              80.113784790,29.523578644,0
              80.114471436,29.523698807,0
              80.114630609,29.523726732,0
              80.115549244,29.523881049,0
              80.116142773,29.524044027,0
              80.118018659,29.524649782,0
              80.119652020,29.525394098,0
              80.120214170,29.525716879,0
              80.121702248,29.526708931,0
              80.122146581,29.527064151,0
              80.123372446,29.528171384,0
              80.124729909,29.529302603,0
              80.125184053,29.529600402,0
              80.125628040,29.529819798,0
              80.126626286,29.530226060,0
              80.127244990,29.530401581,0
              80.127679361,29.530490518,0
              80.129384051,29.530673164,0
              80.130092722,29.530688251,0
              80.131486409,29.530550845,0
              80.132424637,29.530497738,0
              80.132947214,29.530546574,0
              80.133860239,29.530853424,0
              80.134237526,29.531022474,0
              80.135025705,29.531547478,0
              80.135360662,29.531816249,0
              80.136307095,29.532761462,0
              80.136577046,29.533100401,0
              80.136888021,29.533608356,0
              80.137089691,29.534101252,0
              80.137330971,29.534855143,0
              80.137577829,29.536309141,0
              80.137710571,29.538070680,0
              80.137542550,29.538289707,0
              80.137210504,29.538782463,0
              80.136758931,29.539652854,0
              80.136755153,29.539902687,0
              80.136785392,29.540068072,0
              80.136918608,29.540337946,0
              80.137161190,29.540677632,0
              80.138275146,29.541671753,0
              80.139397400,29.543183678,0
              80.139565527,29.543564260,0
              80.139677113,29.544030531,0
              80.139782018,29.544631849,0
              80.139792568,29.545118894,0
              80.139753461,29.545442469,0
              80.139680641,29.545757931,0
              80.139490324,29.546150936,0
              80.139246447,29.546484997,0
              80.138652770,29.547129484,0
              80.138464725,29.547402659,0
              80.138217390,29.547829313,0
              80.138019373,29.548270975,0
              80.137886420,29.548728405,0
              80.137766071,29.549195476,0
              80.137697838,29.549530911,0
              80.137554946,29.550581094,0
              80.137481213,29.551080531,0
              80.137372347,29.551573571,0
              80.137154845,29.552144448,0
              80.136915882,29.552657299,0
              80.136178408,29.554553659,0
              80.135369391,29.556481021,0
              80.134811401,29.557878494,0
              80.134841918,29.557949066,0
              80.136650739,29.558818254,0
              80.137804376,29.559220637,0
              80.138953181,29.559544791,0
              80.141510010,29.559869766,0
              80.143562317,29.560369492,0
              80.145698548,29.561172485,0
              80.149765015,29.561822891,0
              80.150245667,29.562036514,0
              80.151252747,29.562482834,0
              80.152740479,29.563037872,0
              80.155845642,29.563846588,0
              80.156623840,29.564275742,0
              80.156738281,29.564338684,0
              80.157174297,29.564825663,0
              80.157325745,29.564994812,0
              80.157875061,29.565870285,0
              80.158088684,29.566549301,0
              80.158081055,29.567527771,0
              80.157882690,29.568693161,0
              80.157371521,29.570293427,0
              80.157463074,29.570974350,0
              80.157707214,29.571680069,0
              80.158065796,29.572055817,0
              80.158416748,29.572418213,0
              80.159652710,29.572807312,0
              80.161643982,29.573146820,0
              80.165122986,29.573686600,0
              80.167045593,29.574104309,0
              80.168785095,29.574550629,0
              80.171203613,29.574863434,0
              80.173904419,29.575450897,0
              80.175209045,29.575838089,0
              80.175949097,29.576278687,0
              80.176971436,29.577182770,0
              80.177925110,29.578464509,0
              80.178596497,29.579582215,0
              80.178817054,29.580253078,0
              80.178938087,29.580621217,0
              80.178962708,29.580696106,0
              80.179489136,29.581474304,0
              80.180118742,29.581701674,0
              80.179999769,29.582582074,0
              80.179999769,29.583581448,0
              80.180004691,29.583612384,0
              80.180166331,29.584628411,0
              80.180246729,29.585241449,0
              80.180356687,29.586079882,0
              80.180499456,29.587697915,0
              80.180689812,29.588340370,0
              80.180784991,29.589030414,0
              80.180784990,29.589227912,0
              80.180784990,29.589434922,0
              80.180761196,29.589887020,0
              80.180666018,29.590434296,0
              80.180594634,29.590933982,0
              80.180047359,29.592195097,0
              80.179809412,29.592599605,0
              80.179478702,29.592971654,0
              80.179428698,29.593027908,0
              80.179047984,29.593503800,0
              80.178714860,29.594098665,0
              80.178674382,29.594301058,0
              80.178619681,29.594574558,0
              80.178643476,29.595026655,0
              80.178958001,29.595667672,0
              80.179702759,29.596004486,0
              80.180070258,29.596179659,0
              80.182235719,29.597211838,0
              80.184837341,29.598388672,0
              80.186346346,29.598858281,0
              80.186524595,29.598913752,0
              80.186676025,29.598960876,0
              80.186997454,29.598991142,0
              80.187172867,29.599007659,0
              80.187850952,29.599071503,0
              80.189834595,29.599428177,0
              80.190086366,29.599506379,0
              80.191596986,29.599956512,0
              80.192932129,29.600618362,0
              80.193561764,29.600930866,0
              80.193969727,29.601133348,0
              80.195312500,29.602134705,0
              80.196334839,29.603454590,0
              80.196983337,29.604679108,0
              80.197387695,29.605983734,0
              80.197517394,29.607341766,0
              80.197555542,29.608486177,0
              80.197761536,29.610586167,0
              80.197806359,29.610907868,0
              80.197944642,29.611900331,0
              80.197985137,29.612053416,0
              80.198196411,29.612852097,0
              80.198197220,29.612872616,0
              80.198202143,29.612997530,0
              80.198212712,29.613265704,0
              80.198226930,29.613626480,0
              80.198326112,29.614122392,0
              80.198575887,29.614453445,0
              80.198640270,29.614538779,0
              80.198734555,29.614663743,0
              80.198806763,29.614759445,0
              80.198876090,29.614910211,0
              80.199063385,29.615317512,0
              80.199363708,29.615970612,0
              80.199552982,29.616267600,0
              80.199943543,29.616880417,0
              80.200363294,29.617510047,0
              80.200630188,29.617910386,0
              80.201248767,29.618591790,0
              80.201606750,29.618986130,0
              80.201927185,29.619775772,0
              80.201965332,29.620010376,0
              80.202247965,29.620921146,0
              80.202506567,29.621754463,0
              80.202866389,29.622913938,0
              80.203073916,29.623278171,0
              80.204032325,29.624960275,0
              80.205269645,29.626387951,0
              80.205859984,29.626732319,0
              80.207268392,29.627553887,0
              80.208886425,29.628243931,0
              80.210599637,29.628791207,0
              80.213169455,29.629433661,0
              80.214858873,29.629719197,0
              80.216243736,29.630122498,0
              80.220001220,29.630840302,0
              80.222410400,29.631079010,0
              80.222908020,29.631128312,0
              80.224128723,29.631076813,0
              80.225479126,29.630718232,0
              80.226249695,29.630392075,0
              80.226455688,29.630304337,0
              80.226455688,29.630241394,0
              80.226470947,29.630033493,0
              80.226356506,29.629457474,0
              80.226325989,29.628675461,0
              80.226387024,29.628204346,0
              80.226593018,29.627769471,0
              80.226943970,29.627513885,0
              80.228469850,29.627027512,0
              80.229713440,29.626262665,0
              80.230865479,29.625440598,0
              80.232627870,29.623214722,0
              80.233390809,29.622358323,0
              80.234336853,29.621265411,0
              80.235122682,29.620346070,0
              80.235885621,29.619325638,0
              80.237030029,29.617008209,0
              80.238029480,29.614629745,0
              80.238922119,29.613456726,0
              80.239558296,29.613000403,0
              80.239738465,29.612871171,0
              80.241226197,29.612594604,0
              80.243003845,29.612724304,0
              80.244903564,29.613025665,0
              80.247489929,29.613866806,0
              80.248435974,29.614116669,0
              80.249656677,29.614181519,0
              80.251548767,29.614091873,0
              80.252059937,29.614112854,0
              80.252372742,29.614177704,0
              80.252792357,29.614261627,0
              80.254358062,29.614399161,0
              80.255615234,29.614509583,0
              80.255884558,29.614517180,0
              80.257102966,29.614551545,0
              80.258949280,29.614248276,0
              80.259673184,29.614110734,0
              80.261116546,29.613330421,0
              80.262211098,29.612783145,0
              80.263067704,29.612140691,0
              80.263543596,29.611783771,0
              80.264423997,29.611212701,0
              80.265066452,29.610736809,0
              80.265637522,29.610403684,0
              80.266685486,29.610076904,0
              80.266952515,29.609909058,0
              80.267669678,29.609754563,0
              80.268936157,29.609865189,0
              80.269971373,29.610082555,0
              80.271370481,29.610376330,0
              80.271652222,29.610435486,0
              80.272636414,29.610639572,0
              80.275131226,29.611072541,0
              80.276191711,29.611078262,0
              80.277069092,29.610868454,0
              80.277915955,29.610551834,0
              80.278732300,29.609912872,0
              80.278870565,29.609735286,0
              80.279256258,29.609239899,0
              80.279903615,29.608751494,0
              80.280395616,29.608616421,0
              80.280429525,29.608614615,0
              80.281086986,29.608579607,0
              80.281784058,29.608709335,0
              80.282249451,29.609041213,0
              80.282576426,29.609260560,0
              80.282707214,29.609348297,0
              80.283043686,29.609687887,0
              80.283531189,29.610179901,0
              80.283678295,29.610879843,0
              80.283646717,29.611784006,0
              80.283454895,29.612543106,0
              80.283454896,29.612899742,0
              80.283454895,29.612947464,0
              80.283393860,29.613378525,0
              80.283401488,29.613414765,0
              80.283439636,29.614179611,0
              80.283317566,29.614963531,0
              80.283287048,29.615329742,0
              80.283325196,29.615936279,0
              80.283386230,29.616302490,0
              80.283500671,29.616569519,0
              80.284027100,29.617513657,0
              80.284553528,29.618413925,0
              80.285461426,29.619468689,0
              80.285629272,29.619760513,0
              80.287208558,29.621631622,0
              80.287567139,29.622238159,0
              80.287727356,29.622703553,0
              80.287811279,29.623006821,0
              80.287811279,29.623222351,0
              80.287757874,29.623903275,0
              80.287742615,29.623964310,0
              80.287506104,29.624902725,0
              80.287094116,29.625631332,0
              80.286758423,29.626073838,0
              80.285430908,29.627740860,0
              80.284309387,29.629238129,0
              80.283912659,29.629999162,0
              80.283760071,29.630720139,0
              80.283912659,29.631456375,0
              80.284202576,29.631935120,0
              80.284454346,29.632381440,0
              80.284988403,29.632995605,0
              80.285003662,29.633438111,0
              80.284790039,29.634208679,0
              80.284149170,29.635242462,0
              80.283943177,29.635555268,0
              80.283325195,29.636583328,0
              80.283172607,29.636955261,0
              80.283004761,29.637353897,0
              80.282981873,29.637842178,0
              80.283081055,29.638252258,0
              80.283355713,29.638704300,0
              80.284461976,29.639980316,0
              80.285125732,29.640720367,0
              80.285194397,29.640808105,0
              80.285552979,29.641555786,0
              80.285675051,29.642347336,0
              80.285774231,29.642700195,0
              80.285888672,29.643371582,0
              80.286285401,29.644437790,0
              80.286514283,29.645029069,0
              80.286956787,29.645704269,0
              80.287040711,29.645837784,0
              80.287824214,29.646386239,0
              80.288528442,29.646879196,0
              80.288908442,29.647212476,0
              80.289066355,29.647350973,0
              80.289459229,29.647695541,0
              80.289718628,29.647796632,0
              80.289657121,29.648063802,0
              80.289469568,29.648878491,0
              80.289353067,29.649384541,0
              80.289230348,29.649917604,0
              80.288726807,29.650844574,0
              80.288040161,29.652677536,0
              80.287817172,29.653116843,0
              80.286906165,29.654911561,0
              80.286078282,29.656198791,0
              80.285364444,29.657317137,0
              80.284805270,29.658399792,0
              80.283889178,29.659696598,0
              80.283187237,29.660279566,0
              80.282449133,29.660637086,0
              80.280902954,29.661386016,0
              80.278713850,29.662135546,0
              80.277048227,29.662896973,0
              80.275890052,29.663203269,0
              80.275608653,29.663277687,0
              80.273871647,29.663408557,0
              80.272206024,29.663325276,0
              80.270564195,29.663099228,0
              80.269767077,29.662992152,0
              80.268923029,29.663146377,0
              80.268699646,29.663030624,0
              80.267585753,29.663047791,0
              80.266517638,29.663221359,0
              80.265510559,29.663799286,0
              80.265733523,29.663963536,0
              80.266522712,29.664219952,0
              80.268397310,29.664829008,0
              80.269122045,29.665179662,0
              80.269207903,29.665300229,0
              80.269577910,29.665743602,0
              80.269853927,29.666214736,0
              80.270677221,29.667137966,0
              80.270861629,29.667515507,0
              80.271040088,29.667967605,0
              80.271397008,29.668800416,0
              80.271794576,29.669831516,0
              80.272187436,29.670721997,0
              80.272240725,29.670842787,0
              80.272686873,29.672092004,0
              80.272924820,29.673341221,0
              80.273582458,29.675615311,0
              80.274378484,29.676830198,0
              80.274975661,29.677741588,0
              80.275039673,29.677839279,0
              80.275134685,29.678210886,0
              80.275154923,29.678290042,0
              80.275293252,29.678831058,0
              80.275382996,29.679182054,0
              80.275505066,29.679412842,0
              80.275492128,29.680556259,0
              80.275489807,29.680761337,0
              80.275543213,29.681325912,0
              80.275602122,29.681510436,0
              80.275672913,29.681732178,0
              80.276083110,29.683257369,0
              80.276092529,29.683292389,0
              80.275817871,29.683387757,0
              80.275291202,29.683803946,0
              80.275154114,29.683912277,0
              80.275077820,29.684017181,0
              80.274200439,29.684961319,0
              80.274070111,29.685162505,0
              80.273814486,29.685557112,0
              80.273414612,29.686174393,0
              80.273139954,29.686527252,0
              80.272941589,29.686855316,0
              80.272193910,29.687437057,0
              80.271263123,29.687854767,0
              80.270568848,29.688360214,0
              80.270156860,29.688791275,0
              80.269866943,29.689163208,0
              80.269706726,29.689319611,0
              80.269515991,29.689489365,0
              80.268692017,29.689941406,0
              80.268310547,29.690389633,0
              80.268135071,29.690542221,0
              80.267387390,29.691112518,0
              80.266723632,29.691419601,0
              80.266136169,29.691478729,0
              80.265693665,29.691459656,0
              80.264770508,29.691377640,0
              80.264289855,29.691528320,0
              80.264160156,29.691770554,0
              80.264106750,29.691871643,0
              80.264038086,29.692010880,0
              80.263961792,29.692195892,0
              80.263923644,29.692630768,0
              80.263923645,29.693077087,0
              80.264022827,29.693279266,0
              80.264076232,29.693359376,0
              80.264060974,29.694137574,0
              80.263961792,29.694637299,0
              80.263793946,29.695081711,0
              80.263663563,29.695246107,0
              80.263120446,29.695930907,0
              80.263092041,29.695966721,0
              80.261840820,29.696903229,0
              80.260528564,29.697786331,0
              80.259849548,29.698755264,0
              80.258781433,29.701297760,0
              80.258728669,29.701367077,0
              80.258003235,29.702320099,0
              80.257713318,29.702873230,0
              80.257522583,29.703346252,0
              80.257514954,29.704151154,0
              80.257766725,29.704847336,0
              80.258018494,29.705490112,0
              80.258049011,29.705656052,0
              80.257887633,29.706184567,0
              80.257820129,29.706405640,0
              80.257274095,29.706864985,0
              80.256210328,29.707759857,0
              80.255088806,29.709030151,0
              80.254447938,29.709501266,0
              80.253837585,29.709804535,0
              80.253105165,29.710134506,0
              80.252685547,29.710437775,0
              80.252494812,29.710603714,0
              80.251884460,29.711210251,0
              80.250976563,29.712362290,0
              80.250339967,29.713486892,0
              80.248817112,29.714362534,0
              80.246285366,29.715371425,0
              80.244572154,29.716132853,0
              80.244100713,29.716312452,0
              80.242573407,29.716894280,0
              80.241088623,29.717655708,0
              80.239832268,29.718569421,0
              80.239316723,29.719479744,0
              80.238987383,29.720061275,0
              80.238937590,29.720277874,0
              80.238851930,29.721077373,0
              80.239008974,29.721762657,0
              80.239151742,29.722262344,0
              80.239437277,29.722690647,0
              80.240022624,29.723104673,0
              80.240312205,29.723208922,0
              80.240736463,29.723361655,0
              80.241535961,29.723618637,0
              80.242201308,29.723908660,0
              80.242649549,29.724104047,0
              80.243591816,29.725131974,0
              80.244791064,29.726302669,0
              80.246161634,29.728586952,0
              80.247275222,29.730785574,0
              80.247673360,29.731608393,0
              80.247917676,29.732113313,0
              80.248345979,29.733141240,0
              80.248970032,29.733997345,0
              80.249016251,29.733980366,0
              80.249144515,29.734209152,0
              80.249151639,29.734232803,0
              80.249266131,29.734612910,0
              80.249344033,29.734871537,0
              80.249344851,29.735715233,0
              80.249205581,29.736312104,0
              80.248605283,29.737325306,0
              80.248534825,29.737444226,0
              80.248252868,29.737913132,0
              80.247900084,29.738345184,0
              80.247650146,29.738651276,0
              80.246101378,29.740411758,0
              80.245185852,29.741945267,0
              80.244514465,29.743051529,0
              80.243888855,29.743869781,0
              80.243057251,29.744512558,0
              80.241607666,29.745336533,0
              80.240692318,29.745674508,0
              80.240119934,29.745885849,0
              80.239418030,29.746143341,0
              80.238292767,29.746575128,0
              80.237777710,29.746772766,0
              80.237045288,29.747100830,0
              80.235649109,29.747785568,0
              80.235626222,29.747798920,0
              80.234748840,29.748289108,0
              80.234466553,29.748706818,0
              80.234359741,29.748945236,0
              80.234420776,29.749469757,0
              80.234580994,29.750045776,0
              80.234878540,29.750757217,0
              80.235087129,29.751000571,0
              80.235336304,29.751291275,0
              80.235397340,29.751522064,0
              80.235791002,29.752772792,0
              80.235831100,29.752946959,0
              80.235899257,29.754395296,0
              80.235782425,29.755213120,0
              80.235770909,29.755366488,0
              80.235666686,29.756754527,0
              80.235641479,29.758319855,0
              80.235702515,29.759792328,0
              80.235351563,29.761083603,0
              80.234565734,29.762786865,0
              80.233886720,29.763826370,0
              80.231941223,29.765537262,0
              80.230522156,29.767019272,0
              80.229560852,29.768505096,0
              80.229115175,29.769832529,0
              80.229115174,29.770109309,0
              80.229115175,29.770403599,0
              80.229357880,29.771217375,0
              80.229914674,29.771988320,0
              80.230342977,29.772545114,0
              80.230514298,29.773344613,0
              80.230514298,29.773551964,0
              80.230514298,29.773972791,0
              80.230442914,29.774458201,0
              80.230128826,29.774972164,0
              80.229235785,29.775757971,0
              80.228187561,29.776601791,0
              80.227742471,29.777117694,0
              80.227264405,29.777671814,0
              80.226882936,29.777952195,0
              80.226849861,29.777976407,0
              80.226177159,29.778468841,0
              80.225874349,29.778798338,0
              80.225674475,29.778912552,0
              80.225390872,29.778982987,0
              80.225363342,29.778965807,0
              80.225003467,29.778741231,0
              80.224832144,29.778698400,0
              80.224617994,29.778784061,0
              80.224175415,29.778926829,0
              80.223847049,29.779255194,0
              80.223334141,29.779705299,0
              80.223147487,29.779869095,0
              80.222433649,29.780297398,0
              80.221713046,29.780799200,0
              80.220977419,29.781382432,0
              80.220006598,29.782096271,0
              80.219249930,29.782538850,0
              80.218379047,29.782695895,0
              80.217265459,29.783009984,0
              80.216351746,29.783395456,0
              80.215666461,29.783838036,0
              80.214363247,29.785228773,0
              80.214057922,29.785446167,0
              80.213371277,29.786056519,0
              80.212366446,29.787820682,0
              80.212363785,29.787824379,0
              80.212150574,29.788089752,0
              80.210578918,29.790048599,0
              80.208625793,29.792371750,0
              80.207527160,29.793989182,0
              80.206207275,29.795637131,0
              80.204765320,29.797071457,0
              80.202720642,29.798549652,0
              80.202480132,29.798885032,0
              80.202377319,29.799028398,0
              80.202285766,29.799215317,0
              80.202239990,29.799293518,0
              80.202407838,29.799741745,0
              80.203918458,29.801307678,0
              80.205268860,29.803104401,0
              80.206398010,29.804719925,0
              80.206764222,29.805229187,0
              80.206803849,29.805285279,0
              80.207824707,29.806730270,0
              80.208121489,29.807170255,0
              80.208748275,29.808099477,0
              80.208930306,29.808392370,0
              80.209327698,29.809608459,0
              80.209907532,29.810424805,0
              80.209930420,29.810438156,0
              80.209991196,29.810444595,0
              80.210073491,29.810453314,0
              80.211281386,29.810403769,0
              80.211997333,29.810521312,0
              80.212939599,29.810578419,0
              80.213467840,29.810592696,0
              80.216266086,29.811006722,0
              80.217271286,29.811405180,0
              80.217320564,29.811424714,0
              80.217581989,29.811528341,0
              80.217850807,29.811634900,0
              80.219364144,29.812334461,0
              80.220149366,29.812762764,0
              80.220963142,29.813262451,0
              80.221262953,29.813462326,0
              80.221719810,29.813476602,0
              80.222062453,29.813362388,0
              80.222590693,29.813205344,0
              80.223361638,29.813019747,0
              80.224146860,29.812819871,0
              80.224689378,29.812619996,0
              80.224960635,29.812434399,0
              80.225217618,29.812234524,0
              80.225603344,29.812067348,0
              80.225930484,29.812047323,0
              80.226256753,29.812027351,0
              80.226798987,29.811994159,0
              80.227158056,29.811972179,0
              80.228058694,29.811720560,0
              80.229086622,29.811435025,0
              80.229829013,29.811192321,0
              80.230868824,29.811035789,0
              80.231288240,29.811093507,0
              80.235006148,29.811718115,0
              80.235690243,29.811896575,0
              80.235970349,29.811957139,0
              80.236090355,29.811983086,0
              80.237575965,29.812726440,0
              80.241252426,29.814566031,0
              80.241905634,29.814892877,0
              80.242050171,29.814954758,0
              80.244352841,29.816195786,0
              80.244978537,29.816674231,0
              80.245140076,29.816858292,0
              80.246284485,29.818307877,0
              80.246518066,29.819039536,0
              80.246543884,29.819120407,0
              80.246536255,29.819284439,0
              80.246527742,29.819432554,0
              80.246498108,29.819948196,0
              80.246147156,29.821107864,0
              80.246060334,29.821328287,0
              80.245804715,29.822442412,0
              80.245804715,29.823141973,0
              80.246061696,29.824284114,0
              80.246589661,29.825946808,0
              80.246920294,29.827390653,0
              80.247448534,29.828661285,0
              80.247891114,29.829375123,0
              80.248300899,29.830451251,0
              80.248777278,29.831702236,0
              80.248777277,29.832121994,0
              80.248964825,29.833191157,0
              80.249292594,29.834251048,0
              80.249550251,29.834869426,0
              80.249562483,29.834917680,0
              80.249786404,29.835801031,0
              80.249736940,29.835975128,0
              80.249525243,29.836720215,0
              80.249350631,29.836956363,0
              80.249189398,29.837174417,0
              80.249099731,29.837364197,0
              80.248916821,29.837543056,0
              80.248872895,29.837586009,0
              80.248497009,29.837953568,0
              80.247856403,29.838578112,0
              80.246368408,29.840028763,0
              80.244049073,29.842136383,0
              80.242512443,29.843644140,0
              80.239654586,29.847345642,0
              80.239631653,29.847520828,0
              80.239616394,29.847644806,0
              80.239952086,29.848588943,0
              80.240386963,29.849353790,0
              80.240470886,29.850332261,0
              80.240425110,29.851924896,0
              80.240417481,29.852851869,0
              80.240409852,29.853397370,0
              80.241104126,29.855024339,0
              80.241584778,29.856370926,0
              80.241767883,29.857351303,0
              80.241882325,29.857946396,0
              80.241887974,29.858915340,0
              80.241889954,29.859254838,0
              80.241584778,29.861471176,0
              80.241249085,29.863111496,0
              80.240989685,29.864452362,0
              80.240516663,29.865186691,0
              80.243293762,29.864175797,0
              80.248352051,29.862045289,0
              80.249984740,29.861780167,0
              80.250480652,29.861337662,0
              80.251632690,29.860937119,0
              80.252990723,29.860666275,0
              80.253677368,29.860605241,0
              80.254409790,29.860422134,0
              80.254936218,29.860208511,0
              80.255271912,29.860038757,0
              80.255828858,29.860008240,0
              80.256813049,29.860250473,0
              80.257972717,29.861053467,0
              80.259277344,29.861394882,0
              80.260475159,29.861509323,0
              80.261962891,29.861551285,0
              80.262931824,29.861679077,0
              80.263847351,29.861734390,0
              80.263902836,29.861758949,0
              80.264312744,29.861940384,0
              80.264862061,29.862628937,0
              80.265281678,29.863513948,0
              80.265281678,29.863576889,0
              80.265350343,29.864807130,0
              80.265251160,29.865774154,0
              80.265243530,29.866399766,0
              80.265357971,29.867673874,0
              80.265754700,29.868362427,0
              80.266143799,29.868860245,0
              80.266784669,29.869491578,0
              80.267440796,29.869987488,0
              80.267761230,29.870706558,0
              80.268066407,29.871732712,0
              80.268371583,29.872755051,0
              80.269058228,29.874101639,0
              80.269538879,29.874937057,0
              80.270156860,29.876346588,0
              80.270469666,29.877254486,0
              80.270797729,29.878822327,0
              80.270782472,29.879087448,0
              80.270874024,29.880819321,0
              80.270812988,29.881744385,0
              80.270835876,29.882434845,0
              80.270859758,29.883126557,0
              80.270889282,29.883981705,0
              80.271026611,29.884452820,0
              80.271362305,29.884998322,0
              80.271392822,29.885011673,0
              80.271720886,29.885158539,0
              80.272315979,29.885240555,0
              80.272375281,29.885240881,0
              80.273010254,29.885244370,0
              80.273696899,29.884979248,0
              80.275222778,29.884132385,0
              80.276145935,29.883651733,0
              80.276771545,29.883468628,0
              80.276916504,29.883489609,0
              80.277130127,29.883516312,0
              80.277687073,29.883745193,0
              80.277810690,29.883856579,0
              80.278785706,29.884735107,0
              80.279449463,29.885381699,0
              80.280212402,29.885929108,0
              80.281158447,29.886512756,0
              80.281692505,29.887014389,0
              80.282318114,29.887283325,0
              80.283706665,29.888376236,0
              80.284423828,29.889114380,0
              80.284759521,29.889724731,0
              80.284777861,29.889827436,0
              80.284862807,29.890303131,0
              80.284852607,29.890372364,0
              80.284812759,29.890642813,0
              80.284546260,29.891109188,0
              80.284041813,29.891746883,0
              80.283337493,29.892670114,0
              80.283139547,29.892938104,0
              80.282803206,29.893393455,0
              80.282717848,29.893599400,0
              80.282408519,29.894122881,0
              80.281766064,29.895003282,0
              80.280961617,29.896794584,0
              80.280731201,29.897695541,0
              80.280677795,29.897920609,0
              80.280647278,29.898382187,0
              80.280647278,29.898572922,0
              80.280670166,29.898971558,0
              80.280654907,29.899875641,0
              80.280967712,29.900934219,0
              80.281097412,29.901441574,0
              80.281776428,29.902763367,0
              80.282394409,29.904264450,0
              80.282829285,29.905263901,0
              80.283287048,29.905958176,0
              80.283538818,29.906507492,0
              80.284111023,29.907766343,0
              80.284187317,29.908086777,0
              80.284370422,29.908365250,0
              80.284408569,29.908702850,0
              80.284451463,29.908948416,0
              80.284484863,29.909139633,0
              80.284439087,29.909509659,0
              80.284541652,29.910573231,0
              80.284550033,29.910660135,0
              80.284454855,29.911112233,0
              80.284216909,29.911659509,0
              80.283955168,29.912301963,0
              80.283693427,29.912896829,0
              80.283241330,29.913682051,0
              80.282860616,29.914443478,0
              80.282699017,29.914936016,0
              80.282241274,29.916331158,0
              80.282051087,29.917478561,0
              80.282035829,29.917560577,0
              80.281959534,29.917863846,0
              80.281738280,29.919061661,0
              80.281664743,29.919507794,0
              80.281509399,29.920450211,0
              80.281524659,29.920690537,0
              80.281509399,29.920970917,0
              80.281509399,29.921340942,0
              80.281501770,29.921609879,0
              80.281623840,29.922075272,0
              80.281898500,29.922502518,0
              80.282119752,29.922769548,0
              80.282597576,29.923124967,0
              80.283319222,29.923661746,0
              80.283355713,29.923688889,0
              80.283859253,29.924303055,0
              80.283978689,29.924539036,0
              80.284065247,29.924995422,0
              80.284049989,29.925199509,0
              80.284042296,29.925297582,0
              80.284034729,29.925394057,0
              80.283981323,29.925714493,0
              80.283916611,29.926238875,0
              80.283859990,29.926697702,0
              80.283574453,29.927221184,0
              80.283265124,29.927673281,0
              80.283153107,29.927818906,0
              80.282551286,29.928601271,0
              80.281226714,29.929787629,0
              80.280921936,29.930143356,0
              80.280601501,29.930580139,0
              80.280551974,29.930656385,0
              80.280456544,29.930803300,0
              80.280349731,29.931112290,0
              80.280319213,29.931297303,0
              80.280319214,29.931337358,0
              80.280334473,29.931722641,0
              80.280311585,29.932668686,0
              80.280487061,29.933488846,0
              80.280563354,29.933702469,0
              80.280845643,29.934528351,0
              80.280891418,29.934928895,0
              80.280937194,29.935022354,0
              80.281143189,29.935409546,0
              80.281280518,29.935756684,0
              80.281387329,29.936075211,0
              80.281486511,29.936815262,0
              80.281417847,29.937494278,0
              80.281295777,29.938156128,0
              80.281196594,29.938543320,0
              80.280982971,29.938928604,0
              80.280654907,29.939285278,0
              80.280212402,29.939548492,0
              80.280174255,29.939573289,0
              80.280136108,29.939598083,0
              80.280075073,29.939643860,0
              80.280029297,29.939664841,0
              80.279769896,29.939813614,0
              80.279197693,29.939943314,0
              80.278144837,29.940048218,0
              80.277611797,29.940031278,0
              80.277103901,29.940052298,0
              80.275619508,29.940397263,0
              80.273812919,29.940780920,0
              80.273062605,29.941122597,0
              80.272600897,29.941386264,0
              80.272132874,29.941808701,0
              80.271781921,29.942058563,0
              80.270950317,29.942573547,0
              80.270682991,29.942799415,0
              80.270089768,29.943219996,0
              80.269080953,29.943674952,0
              80.268637304,29.943885686,0
              80.268129168,29.944127049,0
              80.267391536,29.944555352,0
              80.266929626,29.945100784,0
              80.266967424,29.945200750,0
              80.267202242,29.945572281,0
              80.267381334,29.945787441,0
              80.268731504,29.947122337,0
              80.268760682,29.947151184,0
              80.269081115,29.947473526,0
              80.269890842,29.948265000,0
              80.270773939,29.949351156,0
              80.271073751,29.950179208,0
              80.271129148,29.950821814,0
              80.271145136,29.951007261,0
              80.271045198,29.952163679,0
              80.270973814,29.952920347,0
              80.270941718,29.953209217,0
              80.270888153,29.953691293,0
              80.270631172,29.954519345,0
              80.270288529,29.955661486,0
              80.269988717,29.956460985,0
              80.269803119,29.957260484,0
              80.269774566,29.958202751,0
              80.269964494,29.959129853,0
              80.270052987,29.959378614,0
              80.270126344,29.959459305,0
              80.270156860,29.959491730,0
              80.270980835,29.959909438,0
              80.271245337,29.959957921,0
              80.273012442,29.960281811,0
              80.273696900,29.960407257,0
              80.275482178,29.960872650,0
              80.276596069,29.961355210,0
              80.276954651,29.961814880,0
              80.277023315,29.961904526,0
              80.277168274,29.962490082,0
              80.277193434,29.962932492,0
              80.277236938,29.963697433,0
              80.277320862,29.964616776,0
              80.277458191,29.967033386,0
              80.277572632,29.968242645,0
              80.277877808,29.968990326,0
              80.278266908,29.969566345,0
              80.278678894,29.969993592,0
              80.280586243,29.970701219,0
              80.282646179,29.971059799,0
              80.283729553,29.971462250,0
              80.284016395,29.971778546,0
              80.284156799,29.971933365,0
              80.284332275,29.972427368,0
              80.284523010,29.973632813,0
              80.284454346,29.975254059,0
              80.284409950,29.975492075,0
              80.284277507,29.975942309,0
              80.284259243,29.976004398,0
              80.284187860,29.976099576,0
              80.284062938,29.976188806,0
              80.283842838,29.976289933,0
              80.283482762,29.976403774,0
              80.283031442,29.976487428,0
              80.282703076,29.976615919,0
              80.282360434,29.976772963,0
              80.281917854,29.977058499,0
              80.281816505,29.977162447,0
              80.281361060,29.977629569,0
              80.281104078,29.978029319,0
              80.281023039,29.978236260,0
              80.280523464,29.979511967,0
              80.280304579,29.980070896,0
              80.279904830,29.980970333,0
              80.279590741,29.981555680,0
              80.278976840,29.982112474,0
              80.278034573,29.982669268,0
              80.277049477,29.982983357,0
              80.275835952,29.983126124,0
              80.274222677,29.983226062,0
              80.273623759,29.983350809,0
              80.272646574,29.983554338,0
              80.271495815,29.984011284,0
              80.271270598,29.984180197,0
              80.270981851,29.984396757,0
              80.270352885,29.985230511,0
              80.269104005,29.986217499,0
              80.268768310,29.986534119,0
              80.268707275,29.986644745,0
              80.268834858,29.986921311,0
              80.269309998,29.987951279,0
              80.269922487,29.989117720,0
              80.270347595,29.989927292,0
              80.271731403,29.992417869,0
              80.272241277,29.993335513,0
              80.272338144,29.993676654,0
              80.272523742,29.994818796,0
              80.272994743,29.997317282,0
              80.273456892,29.998488410,0
              80.273620605,29.998903275,0
              80.273666382,29.999080659,0
              80.273941040,30.000074387,0
              80.273965695,30.000900698,0
              80.273965695,30.001600259,0
              80.273965695,30.002455484,0
              80.273965695,30.002499696,0
              80.273922865,30.003299195,0
              80.273822927,30.004184354,0
              80.273537392,30.005012407,0
              80.273066259,30.006083164,0
              80.272380975,30.006968324,0
              80.271948226,30.007357304,0
              80.271717914,30.007564320,0
              80.271321948,30.007920232,0
              80.270354655,30.008780617,0
              80.270263673,30.008861542,0
              80.269673248,30.009391520,0
              80.269233779,30.009785994,0
              80.268661499,30.010299683,0
              80.268272400,30.010614395,0
              80.267512597,30.010880158,0
              80.266841589,30.011094309,0
              80.266084920,30.011436951,0
              80.265328252,30.011793871,0
              80.264457369,30.012250727,0
              80.263543656,30.012521986,0
              80.262501451,30.012793244,0
              80.261245097,30.013035949,0
              80.260659749,30.013121610,0
              80.260102955,30.013321485,0
              80.259489054,30.013721234,0
              80.258889430,30.014149537,0
              80.257890057,30.014506456,0
              80.257019175,30.014820545,0
              80.256419550,30.015134634,0
              80.255848479,30.015991240,0
              80.255848479,30.016072994,0
              80.255848479,30.016633694,0
              80.256633701,30.018161308,0
              80.256990620,30.018718102,0
              80.257333263,30.019274896,0
              80.258475228,30.021273729,0
              80.258666992,30.021665573,0
              80.258674622,30.021879196,0
              80.258507031,30.022578977,0
              80.258364263,30.023042971,0
              80.258233393,30.023399890,0
              80.257924063,30.024232701,0
              80.257781295,30.024756183,0
              80.257614733,30.025374843,0
              80.257424375,30.025922119,0
              80.257202148,30.026603699,0
              80.256651430,30.027298531,0
              80.256385803,30.027633667,0
              80.255965609,30.027974830,0
              80.254783630,30.028934479,0
              80.253822327,30.030090332,0
              80.253105165,30.030794144,0
              80.251815797,30.031660080,0
              80.249778749,30.033138275,0
              80.247917175,30.034679413,0
              80.247421265,30.035051346,0
              80.246322632,30.035873414,0
              80.245956605,30.036242595,0
              80.245658875,30.036542892,0
              80.245178223,30.037424089,0
              80.244766235,30.037879944,0
              80.242050171,30.039421083,0
              80.239952087,30.040672302,0
              80.238647461,30.041948318,0
              80.237350464,30.042648315,0
              80.236190796,30.042879105,0
              80.234848022,30.043167114,0
              80.233832195,30.043880281,0
              80.233734131,30.043949127,0
              80.233581542,30.044050217,0
              80.232299805,30.044891357,0
              80.231361389,30.045457840,0
              80.230651855,30.046163559,0
              80.229942322,30.047105790,0
              80.229095458,30.047634125,0
              80.228004456,30.048414230,0
              80.226493835,30.049957275,0
              80.226425171,30.050027847,0
              80.225120544,30.051124573,0
              80.223614882,30.052573851,0
              80.223083496,30.053085327,0
              80.221511841,30.054754257,0
              80.220573425,30.055654526,0
              80.219612123,30.056280136,0
              80.217422485,30.057334901,0
              80.215354918,30.058309555,0
              80.213752747,30.059621811,0
              80.212158204,30.060558319,0
              80.211250307,30.060888290,0
              80.209953308,30.061077118,0
              80.209053485,30.061450215,0
              80.209014892,30.061466217,0
              80.207946777,30.062349319,0
              80.207092286,30.063566209,0
              80.207048078,30.063589983,0
              80.206547254,30.063859322,0
              80.206436158,30.063919068,0
              80.206388082,30.063909285,0
              80.206108094,30.063852310,0
              80.205488057,30.063860420,0
              80.205404075,30.063861518,0
              80.204473515,30.063873692,0
              80.203636660,30.063884634,0
              80.202958513,30.063813251,0
              80.202208984,30.063670483,0
              80.200888383,30.063206488,0
              80.199425014,30.062671109,0
              80.198497024,30.062349882,0
              80.197033656,30.061957271,0
              80.195713055,30.061921579,0
              80.194535222,30.061992963,0
              80.192786318,30.062171422,0
              80.190483093,30.063041687,0
              80.190111381,30.063195879,0
              80.188644194,30.063883021,0
              80.187822251,30.064378246,0
              80.187278124,30.064706083,0
              80.185600986,30.064979612,0
              80.184890746,30.064920425,0
              80.184828031,30.064915490,0
              80.183976362,30.064848464,0
              80.182830812,30.064758301,0
              80.182174683,30.064947128,0
              80.181221008,30.065479279,0
              80.180587769,30.065925598,0
              80.178833009,30.067720414,0
              80.178679654,30.067892523,0
              80.177429199,30.069295883,0
              80.176918030,30.069904327,0
              80.176613362,30.070268064,0
              80.176544189,30.070350647,0
              80.176453780,30.070499257,0
              80.176239014,30.070852280,0
              80.174440673,30.072486386,0
              80.173833911,30.073164532,0
              80.173227149,30.074163906,0
              80.173153276,30.074649357,0
              80.172977305,30.075805734,0
              80.173084381,30.076947875,0
              80.173476992,30.078090017,0
              80.173940987,30.079125082,0
              80.173869604,30.080160148,0
              80.173726835,30.080838294,0
              80.173405609,30.081480748,0
              80.172620386,30.082480122,0
              80.172299159,30.083015501,0
              80.172263467,30.083622263,0
              80.172299159,30.084407486,0
              80.172727462,30.085371167,0
              80.173347473,30.087155763,0
              80.173347472,30.087277506,0
              80.173347473,30.087459563,0
              80.173126221,30.088773727,0
              80.173103333,30.089771271,0
              80.173194885,30.091104507,0
              80.173080444,30.092014314,0
              80.172943116,30.092685699,0
              80.172943116,30.094448091,0
              80.172935487,30.095806122,0
              80.172737121,30.096401216,0
              80.172462463,30.096864700,0
              80.172248840,30.097156526,0
              80.171920776,30.097623826,0
              80.171142578,30.098455429,0
              80.169868469,30.100061418,0
              80.168952942,30.101396561,0
              80.168701173,30.102380753,0
              80.168785095,30.103086473,0
              80.168983459,30.103744507,0
              80.169143677,30.103950500,0
              80.169250488,30.104087830,0
              80.170600891,30.105171204,0
              80.170921326,30.106086731,0
              80.170867921,30.106519699,0
              80.170822145,30.107339859,0
              80.170494080,30.107919694,0
              80.170341492,30.108135223,0
              80.169970229,30.108669897,0
              80.169799805,30.108915329,0
              80.168571473,30.109907150,0
              80.167648316,30.110830308,0
              80.167526245,30.110986710,0
              80.165666771,30.113402902,0
              80.165634155,30.113445282,0
              80.164031982,30.115646362,0
              80.162643433,30.117727280,0
              80.161880493,30.120290756,0
              80.161758424,30.120588303,0
              80.161270142,30.121435165,0
              80.160560608,30.122297287,0
              80.159049988,30.123424530,0
              80.158615113,30.124078751,0
              80.158615113,30.124467851,0
              80.158607483,30.125614166,0
              80.158409119,30.126211167,0
              80.158256531,30.126451492,0
              80.157577515,30.127254486,0
              80.156799316,30.128158569,0
              80.156105043,30.128601074,0
              80.155448914,30.128627777,0
              80.154090880,30.128486633,0
              80.152465821,30.128101349,0
              80.151130676,30.127525331,0
              80.150016785,30.127086640,0
              80.149223328,30.127111436,0
              80.148979187,30.127197266,0
              80.148811339,30.127256393,0
              80.148269653,30.127822876,0
              80.148159977,30.128046926,0
              80.147636045,30.128415617,0
              80.147136359,30.128950996,0
              80.146815131,30.129343607,0
              80.146279753,30.130128829,0
              80.146065601,30.130771283,0
              80.146029909,30.131734965,0
              80.146208370,30.132734339,0
              80.146422520,30.133412485,0
              80.146636672,30.133947864,0
              80.146993591,30.134982929,0
              80.147088515,30.135147499,0
              80.147704273,30.136215025,0
              80.147781372,30.136510849,0
              80.147804260,30.136583328,0
              80.148246765,30.137155533,0
              80.149101892,30.137578086,0
              80.149223328,30.137638092,0
              80.149249757,30.137670248,0
              80.149337769,30.137777329,0
              80.149749756,30.138254166,0
              80.150459290,30.139425278,0
              80.151176453,30.140352249,0
              80.151771545,30.141120911,0
              80.152709961,30.143398286,0
              80.153091430,30.145147324,0
              80.153800964,30.146301270,0
              80.154533385,30.147428513,0
              80.156768800,30.149862290,0
              80.157257080,30.150314331,0
              80.157791138,30.150613786,0
              80.158630371,30.150739670,0
              80.160217285,30.150674820,0
              80.161109924,30.150785446,0
              80.161674501,30.150981903,0
              80.161833387,30.151121371,0
              80.162017822,30.151283264,0
              80.162135742,30.151409224,0
              80.162212021,30.151523316,0
              80.162269592,30.151659393,0
              80.162269592,30.151809299,0
              80.162117364,30.152145441,0
              80.161918640,30.152389526,0
              80.161796681,30.152627495,0
              80.161724918,30.152767520,0
              80.161705252,30.152988994,0
              80.161669994,30.153386067,0
              80.161705017,30.153596878,0
              80.161943421,30.154797437,0
              80.162120424,30.155211538,0
              80.162417669,30.155589850,0
              80.162765385,30.155910090,0
              80.163018772,30.156016780,0
              80.163364169,30.156277927,0
              80.163678258,30.156577738,0
              80.163821025,30.156991765,0
              80.163695913,30.157515346,0
              80.163575601,30.157765997,0
              80.163549767,30.157819818,0
              80.163491974,30.157941183,0
              80.163151736,30.158392497,0
              80.162992973,30.158562210,0
              80.162918861,30.158656908,0
              80.162558907,30.159040828,0
              80.162471372,30.159115101,0
              80.162186264,30.159530413,0
              80.162106213,30.159774955,0
              80.162076522,30.160389871,0
              80.162109375,30.160770416,0
              80.162559509,30.162563324,0
              80.162794624,30.164497153,0
              80.162864685,30.165073395,0
              80.163047791,30.167629242,0
              80.163314819,30.168497086,0
              80.164123536,30.170579910,0
              80.164199829,30.171623231,0
              80.164210095,30.172341918,0
              80.164222716,30.173225403,0
              80.164062500,30.173742295,0
              80.163726807,30.174192430,0
              80.163192750,30.174516678,0
              80.162521362,30.174673080,0
              80.161094666,30.174486160,0
              80.158798218,30.174039842,0
              80.158233643,30.174034118,0
              80.157783508,30.174032211,0
              80.156318665,30.174278259,0
              80.155143738,30.174463272,0
              80.154487610,30.174730301,0
              80.153991699,30.175010681,0
              80.153602600,30.175558091,0
              80.153411865,30.175754547,0
              80.152847290,30.176122665,0
              80.152153015,30.176504135,0
              80.151527405,30.176933289,0
              80.151306152,30.177154541,0
              80.150993347,30.177455902,0
              80.150611877,30.178094864,0
              80.150276184,30.178806305,0
              80.149932861,30.181062698,0
              80.149879456,30.182598114,0
              80.149742127,30.183242798,0
              80.149353026,30.183912277,0
              80.149353027,30.184465409,0
              80.149383545,30.184957504,0
              80.149528503,30.185480118,0
              80.150039674,30.186319351,0
              80.150169373,30.186962128,0
              80.150199891,30.187618257,0
              80.150123597,30.188051224,0
              80.149795532,30.188722610,0
              80.149307251,30.189390183,0
              80.149253845,30.189884186,0
              80.149414063,30.191051483,0
              80.149414063,30.191438675,0
              80.149253845,30.191907883,0
              80.149215699,30.192022325,0
              80.148361206,30.193237305,0
              80.147413870,30.194153362,0
              80.147148132,30.194410324,0
              80.145988464,30.194925308,0
              80.144409180,30.195304871,0
              80.142944336,30.195337296,0
              80.140502930,30.195203782,0
              80.139297485,30.195211411,0
              80.138626100,30.195415498,0
              80.138092040,30.195709229,0
              80.137016296,30.196655273,0
              80.136929378,30.196731584,0
              80.136047363,30.197505952,0
              80.134956361,30.198125839,0
              80.133018494,30.198902130,0
              80.131927490,30.199762344,0
              80.130249024,30.201530457,0
              80.129447937,30.202659607,0
              80.128616333,30.205146790,0
              80.128051759,30.206474304,0
              80.127441406,30.207559586,0
              80.126777649,30.208507538,0
              80.126640320,30.208702087,0
              80.126342773,30.209224701,0
              80.126060487,30.209806442,0
              80.125984193,30.210582734,0
              80.125953674,30.212329865,0
              80.126121521,30.212867737,0
              80.126180345,30.212970906,0
              80.127120972,30.214620591,0
              80.127876282,30.216823578,0
              80.128204347,30.218107224,0
              80.128410339,30.220081329,0
              80.128250122,30.221094131,0
              80.128036499,30.221773148,0
              80.127899171,30.222215652,0
              80.127296449,30.223955155,0
              80.126647949,30.225267410,0
              80.125846863,30.226606369,0
              80.124641418,30.227897643,0
              80.123695374,30.228593827,0
              80.122306825,30.229330064,0
              80.121734619,30.229742050,0
              80.121116637,30.230354309,0
              80.120193482,30.231273651,0
              80.119499207,30.231819153,0
              80.118942261,30.232294084,0
              80.118316650,30.233037950,0
              80.117050171,30.234088898,0
              80.116409302,30.234739304,0
              80.115959167,30.234828950,0
              80.115737916,30.234737396,0
              80.114898683,30.234285356,0
              80.112806282,30.232874654,0
              80.112030029,30.232351303,0
              80.110229492,30.231609344,0
              80.108924866,30.231075287,0
              80.107826232,30.230590820,0
              80.105552673,30.229202271,0
              80.103309631,30.227781296,0
              80.102397679,30.227285160,0
              80.101837159,30.226980209,0
              80.099571228,30.226234436,0
              80.099227905,30.226123810,0
            </coordinates>
          </LinearRing>
        </outerBoundaryIs>
      </Polygon>
      </MultiGeometry>
    </Placemark>
    <Placemark>
      <description>Eastern Nayar Watershed

WATERSHED AREA : </description>
      <name>Eastern Nayar Watershed</name>
      <styleUrl>#area7</styleUrl>
      <MultiGeometry>
      <Point>
      <coordinates>78.968616999,29.934517226,0</coordinates>
      </Point>
      <Polygon>
        <outerBoundaryIs>
          <LinearRing>
            <coordinates>
              79.164332617,30.092991315,0
              79.163511703,30.092991315,0
              79.162833557,30.093134083,0
              79.161941259,30.093205467,0
              79.161477264,30.093455310,0
              79.161120345,30.093812229,0
              79.160799118,30.094276225,0
              79.160370815,30.094347608,0
              79.159978205,30.094454684,0
              79.159085906,30.095061447,0
              79.158264992,30.095918052,0
              79.157800997,30.096631891,0
              79.157551153,30.097310037,0
              79.157551153,30.098023875,0
              79.157087160,30.098594946,0
              79.156409012,30.098951865,0
              79.155552406,30.099094632,0
              79.155195487,30.099344476,0
              79.154981336,30.099951239,0
              79.154981336,30.100665077,0
              79.155231179,30.101593067,0
              79.155266871,30.102449673,0
              79.154909952,30.104305653,0
              79.154909951,30.104983799,0
              79.154874260,30.105769021,0
              79.154731492,30.106946854,0
              79.154481650,30.108660066,0
              79.154445957,30.110159127,0
              79.154053346,30.110801581,0
              79.153268124,30.111194192,0
              79.152554080,30.111423708,0
              79.152268750,30.111515419,0
              79.151447836,30.111836647,0
              79.150769690,30.112086490,0
              79.149984467,30.112086490,0
              79.149092170,30.111943722,0
              79.148199872,30.112015106,0
              79.147700185,30.112193566,0
              79.146772194,30.112336333,0
              79.145701438,30.112479101,0
              79.145166059,30.112800328,0
              79.144702064,30.113157247,0
              79.144130993,30.113371399,0
              79.143452847,30.113478475,0
              79.142560549,30.113585550,0
              79.141234716,30.113767759,0
              79.140643944,30.114032444,0
              79.140151255,30.113338252,0
              79.139651568,30.113028922,0
              79.138937730,30.112553030,0
              79.138247686,30.111767807,0
              79.137629026,30.110744639,0
              79.137414875,30.109864239,0
              79.136867599,30.108793482,0
              79.136463090,30.108151027,0
              79.135701664,30.106485404,0
              79.135083003,30.105271879,0
              79.134511932,30.104343888,0
              79.134250192,30.103558667,0
              79.133750505,30.102535499,0
              79.133539411,30.101931541,0
              79.132893899,30.100084654,0
              79.132536980,30.098228674,0
              79.132132472,30.096515462,0
              79.131894525,30.095492294,0
              79.131371044,30.093802877,0
              79.130895152,30.092779709,0
              79.130419259,30.091923103,0
              79.130230969,30.091243168,0
              79.129990956,30.090376453,0
              79.129919573,30.089067749,0
              79.130300286,30.087235564,0
              79.130466849,30.085070255,0
              79.130582373,30.083383608,0
              79.130585823,30.083333248,0
              79.130633411,30.082214903,0
              79.130728589,30.081191734,0
              79.130728589,30.080430306,0
              79.130490642,30.079954414,0
              79.130237928,30.079866513,0
              79.129943367,30.079764057,0
              79.129538859,30.079573701,0
              79.129491270,30.079169192,0
              79.129491270,30.078169818,0
              79.130228903,30.075528616,0
              79.130205108,30.074553037,0
              79.129895778,30.072578085,0
              79.129681627,30.070745900,0
              79.129324707,30.069722731,0
              79.128468101,30.069223045,0
              79.127944620,30.068937509,0
              79.126969041,30.069437196,0
              79.124875115,30.069508580,0
              79.121805611,30.068675769,0
              79.118926462,30.067747779,0
              79.116499413,30.066581843,0
              79.113334729,30.065082783,0
              79.111954642,30.064202382,0
              79.111050447,30.063464749,0
              79.110427308,30.062841614,0
              79.109694154,30.062108456,0
              79.107457462,30.060038325,0
              79.106481882,30.059324487,0
              79.104792464,30.057587480,0
              79.104221394,30.056017036,0
              79.103840680,30.054636949,0
              79.102888896,30.053732754,0
              79.101746754,30.053233067,0
              79.100842559,30.053352040,0
              79.099557650,30.053566190,0
              79.097915822,30.053780343,0
              79.097344751,30.053851727,0
              79.094608371,30.053970700,0
              79.092942749,30.054042083,0
              79.090206369,30.054327619,0
              79.088931446,30.054405678,0
              79.087874497,30.054470386,0
              79.085685393,30.054422797,0
              79.083567672,30.054565565,0
              79.081307184,30.054993868,0
              79.080640935,30.055350787,0
              79.080069865,30.055636322,0
              79.079379821,30.055636322,0
              79.078332858,30.055636322,0
              79.076286522,30.055731501,0
              79.074549515,30.056183598,0
              79.073193222,30.056564312,0
              79.070681408,30.056587358,0
              79.070599610,30.056588107,0
              79.068600862,30.056588107,0
              79.066792472,30.056683285,0
              79.064865109,30.056921231,0
              79.063867541,30.056840347,0
              79.060463106,30.056564312,0
              79.057964672,30.055850474,0
              79.055109319,30.055398376,0
              79.052706062,30.055422171,0
              79.052334713,30.055408668,0
              79.051397359,30.055374582,0
              79.049588969,30.055422171,0
              79.047804373,30.055731501,0
              79.045995983,30.056445339,0
              79.044211388,30.057444713,0
              79.042712327,30.058515470,0
              79.041165677,30.059372076,0
              79.040118713,30.060133504,0
              79.038928984,30.060871137,0
              79.037834432,30.061442207,0
              79.036906442,30.061632563,0
              79.035716711,30.061537387,0
              79.035053545,30.061339056,0
              79.033170688,30.060775958,0
              79.032076137,30.060062120,0
              79.030815022,30.059086541,0
              79.029672880,30.058253729,0
              79.028292793,30.057468507,0
              79.026674760,30.056516723,0
              79.025708718,30.055567340,0
              79.025294672,30.055160430,0
              79.025063022,30.054761993,0
              79.024699806,30.054137262,0
              79.023676639,30.052804764,0
              79.022772444,30.051829185,0
              79.021939632,30.051162936,0
              79.019750528,30.050496687,0
              79.018013521,30.049997000,0
              79.017490040,30.049711464,0
              79.016443077,30.049211778,0
              79.015086784,30.048450350,0
              79.014420535,30.047926869,0
              79.012992859,30.047260620,0
              79.012112458,30.046832317,0
              79.011707950,30.046189862,0
              79.011612771,30.045713970,0
              79.011255852,30.045261872,0
              79.010803756,30.044904953,0
              79.010446836,30.044619418,0
              79.009257105,30.044072142,0
              79.008593130,30.043705472,0
              79.007662866,30.043191741,0
              79.005640324,30.041740270,0
              79.005212020,30.041240583,0
              79.004545772,30.040693307,0
              79.003665372,30.040241211,0
              79.002642203,30.040241210,0
              79.002213900,30.040431566,0
              79.001357294,30.041074021,0
              79.000833813,30.041169199,0
              78.999834439,30.040812280,0
              78.999738671,30.040674262,0
              78.999025423,30.039646344,0
              78.998782956,30.038876156,0
              78.998620914,30.038361435,0
              78.998549530,30.037314473,0
              78.998573325,30.036315099,0
              78.998620914,30.034982601,0
              78.998573325,30.034078406,0
              78.998104290,30.030460134,0
              78.998073639,30.030223679,0
              78.997788103,30.028843591,0
              78.997169443,30.027320736,0
              78.996618793,30.026410046,0
              78.995932123,30.025274400,0
              78.995027928,30.024179848,0
              78.993338511,30.023180474,0
              78.990840077,30.022062128,0
              78.989793114,30.021443468,0
              78.988865124,30.020896192,0
              78.987485037,30.020253737,0
              78.985605263,30.019706461,0
              78.984463121,30.019516104,0
              78.982416785,30.019206774,0
              78.981583974,30.018968828,0
              78.980275270,30.018231195,0
              78.978657236,30.016851108,0
              78.978452782,30.016722377,0
              78.976729873,30.015637583,0
              78.974683537,30.014352674,0
              78.972875146,30.013281916,0
              78.971614032,30.012425310,0
              78.970281534,30.011806651,0
              78.969277227,30.011569523,0
              78.968568322,30.011402142,0
              78.967230032,30.011402142,0
              78.966783726,30.011402142,0
              78.964761184,30.011759061,0
              78.963357302,30.012187364,0
              78.962191366,30.012615667,0
              78.961025430,30.012782230,0
              78.959264629,30.012663257,0
              78.958193872,30.012639462,0
              78.957075525,30.012330132,0
              78.955386108,30.012472900,0
              78.953948205,30.012920248,0
              78.953244593,30.013139149,0
              78.951793122,30.013781602,0
              78.950674775,30.014471647,0
              78.950270267,30.014780977,0
              78.948616028,30.015670776,0
              78.947819422,30.015637583,0
              78.947057994,30.015518610,0
              78.946463129,30.015423431,0
              78.945749291,30.015114101,0
              78.945106836,30.014709593,0
              78.944202641,30.014114728,0
              78.943274652,30.013638836,0
              78.941537645,30.012401516,0
              78.938587113,30.010164822,0
              78.937992248,30.009332011,0
              78.937254615,30.008285047,0
              78.936659750,30.007380853,0
              78.935208279,30.006500453,0
              78.933756807,30.005762820,0
              78.930996633,30.005405900,0
              78.930789329,30.005366759,0
              78.927594003,30.004763446,0
              78.924976597,30.004406527,0
              78.921835708,30.003835456,0
              78.918528258,30.003478537,0
              78.914649735,30.003240591,0
              78.912793756,30.003169207,0
              78.911746794,30.003050234,0
              78.910438089,30.002883672,0
              78.909129386,30.002788493,0
              78.908201396,30.002740904,0
              78.907606531,30.002669520,0
              78.906227557,30.002439692,0
              78.905322248,30.002288807,0
              78.904510962,30.001955972,0
              78.904394258,30.001908093,0
              78.903870777,30.001551174,0
              78.903275912,30.000980103,0
              78.903275912,30.000218675,0
              78.903606156,29.999234129,0
              78.904156312,29.998386491,0
              78.904822561,29.998029571,0
              78.905583989,29.997625063,0
              78.905917114,29.997244349,0
              78.906107470,29.996697073,0
              78.906036087,29.995911851,0
              78.905683986,29.995025956,0
              78.905496835,29.994562040,0
              78.905417427,29.994365201,0
              78.905155686,29.993627568,0
              78.905060508,29.993127882,0
              78.904893945,29.991557437,0
              78.905227070,29.990867394,0
              78.905655373,29.990558064,0
              78.906250238,29.990439091,0
              78.906916487,29.990724626,0
              78.907368585,29.991033956,0
              78.907868272,29.991152929,0
              78.908011039,29.991152929,0
              78.908320369,29.990439091,0
              78.908153807,29.989749047,0
              78.907939655,29.989320744,0
              78.907630325,29.989082798,0
              78.906250238,29.988464138,0
              78.905798140,29.988178603,0
              78.905536400,29.987845478,0
              78.905560194,29.987536148,0
              78.905702963,29.987226818,0
              78.905702961,29.986893694,0
              78.905631578,29.986536775,0
              78.905441221,29.986060882,0
              78.905322248,29.985394633,0
              78.905108097,29.984609410,0
              78.904846357,29.983824189,0
              78.904037339,29.983157940,0
              78.903513858,29.982705842,0
              78.903014171,29.981658880,0
              78.903156938,29.980849863,0
              78.903442474,29.980278792,0
              78.903537653,29.979707722,0
              78.903347296,29.979065267,0
              78.903156938,29.978708348,0
              78.902086182,29.978399018,0
              78.901491316,29.978089688,0
              78.901205781,29.977756564,0
              78.900753683,29.977399644,0
              78.900349175,29.977233082,0
              78.899659131,29.977114109,0
              78.899093628,29.977111816,0
              78.897874535,29.976804779,0
              78.897113108,29.976424065,0
              78.896327885,29.975995762,0
              78.895828199,29.975662638,0
              78.895126832,29.975158279,0
              78.894329138,29.975020182,0
              78.892972846,29.974806032,0
              78.891973472,29.974639470,0
              78.891093071,29.974401524,0
              78.890331644,29.973854248,0
              78.889968061,29.973490665,0
              78.889950930,29.973473534,0
              78.889705314,29.973080017,0
              78.889213297,29.972735901,0
              78.888967446,29.972275176,0
              78.888408235,29.971684983,0
              78.888142540,29.970760948,0
              78.887666648,29.970070905,0
              78.886976604,29.969285682,0
              78.886048614,29.968524255,0
              78.885548927,29.968119747,0
              78.885096830,29.967786622,0
              78.884882678,29.967620060,0
              78.884716116,29.967548676,0
              78.884406786,29.967405908,0
              78.883907099,29.967239346,0
              78.883312234,29.966953811,0
              78.882955315,29.966620686,0
              78.882645985,29.966144794,0
              78.882598396,29.965645107,0
              78.882741163,29.965026447,0
              78.882764958,29.964479171,0
              78.882622190,29.963908101,0
              78.882122503,29.963622564,0
              78.881694200,29.963527387,0
              78.880837595,29.963527387,0
              78.880521254,29.963597685,0
              78.880195140,29.963670154,0
              78.879322205,29.963851329,0
              78.878934026,29.963931895,0
              78.877625322,29.964265020,0
              78.876292824,29.964265020,0
              78.873651622,29.964907474,0
              78.871629080,29.964907474,0
              78.869225826,29.964883680,0
              78.867298461,29.964598144,0
              78.865918374,29.964169841,0
              78.864823822,29.963527387,0
              78.862944048,29.962789754,0
              78.861492577,29.962385245,0
              78.859993516,29.962052121,0
              78.858232715,29.962171094,0
              78.856757449,29.963003905,0
              78.856210173,29.963884306,0
              78.855781870,29.964883680,0
              78.854354194,29.968286309,0
              78.853259641,29.969928137,0
              78.851427456,29.971213046,0
              78.847691703,29.972973847,0
              78.845169474,29.973354561,0
              78.844312868,29.973235588,0
              78.843027959,29.972831079,0
              78.841522824,29.972076734,0
              78.840650384,29.971171838,0
              78.840529525,29.971046485,0
              78.840386757,29.970404028,0
              78.840696087,29.969523629,0
              78.841124390,29.968405282,0
              78.841267159,29.967048989,0
              78.841171980,29.966144794,0
              78.840624704,29.965906848,0
              78.839691162,29.966106415,0
              78.838812347,29.965938574,0
              78.838039023,29.965641141,0
              78.837563130,29.965105763,0
              78.836789806,29.963440140,0
              78.836611346,29.962012463,0
              78.836254427,29.959930435,0
              78.835778535,29.958681218,0
              78.835719048,29.956837136,0
              78.835183669,29.956004324,0
              78.834291371,29.955647405,0
              78.832804208,29.955944838,0
              78.831812689,29.956086076,0
              78.830067828,29.955885351,0
              78.827885531,29.954555416,0
              78.825642712,29.953727398,0
              78.825265729,29.953425436,0
              78.823583797,29.952078214,0
              78.822334580,29.950591050,0
              78.821382797,29.948687482,0
              78.820609471,29.947616724,0
              78.819598200,29.946783913,0
              78.818467956,29.945237263,0
              78.817575658,29.942738829,0
              78.817159251,29.941549099,0
              78.817159252,29.940656801,0
              78.817070342,29.939853571,0
              78.817033740,29.939522894,0
              78.816861820,29.938277340,0
              78.815969522,29.937504015,0
              78.814502810,29.937143313,0
              78.812459817,29.936730690,0
              78.812369135,29.936677347,0
              78.812313916,29.936644866,0
              78.811448546,29.936135825,0
              78.811250413,29.935707535,0
              78.810927446,29.935009399,0
              78.809901896,29.933518418,0
              78.809009598,29.932923552,0
              78.807998327,29.932685607,0
              78.805916299,29.932388174,0
              78.804012730,29.931793308,0
              78.802049676,29.930960497,0
              78.799848673,29.929592307,0
              78.798539970,29.928462063,0
              78.797052807,29.926915413,0
              78.796041536,29.925963629,0
              78.793456193,29.920954249,0
              78.792334778,29.919528298,0
              78.791699018,29.918051921,0
              78.790449802,29.915850920,0
              78.788665207,29.914542216,0
              78.786702151,29.913828378,0
              78.786264136,29.913722194,0
              78.784739096,29.913352486,0
              78.782240662,29.913590432,0
              78.780575039,29.914125811,0
              78.777481740,29.915018108,0
              78.773734089,29.914601703,0
              78.770997709,29.914423243,0
              78.767785436,29.914006837,0
              78.766656646,29.913737288,0
              78.763799839,29.913055053,0
              78.761777297,29.912757620,0
              78.756839916,29.912400701,0
              78.753627643,29.912519674,0
              78.751724075,29.912936080,0
              78.748571289,29.913411972,0
              78.746310801,29.913233513,0
              78.743990826,29.912519674,0
              78.741670852,29.911924809,0
              78.740612804,29.911924815,0
              78.738696526,29.911924809,0
              78.737225628,29.912218988,0
              78.735341574,29.912471226,0
              78.734520660,29.912649686,0
              78.732521913,29.913006605,0
              78.731022852,29.913470600,0
              78.729880711,29.913756135,0
              78.729345332,29.913863211,0
              78.728524417,29.913863211,0
              78.728024732,29.913649059,0
              78.727310893,29.912970913,0
              78.726704131,29.911828772,0
              78.726168752,29.910615246,0
              78.725526298,29.909937100,0
              78.725026611,29.909651565,0
              78.724134313,29.909651565,0
              78.722540074,29.911816874,0
              78.722123668,29.912411739,0
              78.721588290,29.913958389,0
              78.721247722,29.916782355,0
              78.721112397,29.918955258,0
              78.720695992,29.920442420,0
              78.719922668,29.921632151,0
              78.718732936,29.922583935,0
              78.715699124,29.924249558,0
              78.713159884,29.927076692,0
              78.712819887,29.927926684,0
              78.711987076,29.929711280,0
              78.711273238,29.930663065,0
              78.710737859,29.931138957,0
              78.707563016,29.933694459,0
              78.705973536,29.932835473,0
              78.704783805,29.932335787,0
              78.703658962,29.931793308,0
              78.701457961,29.930841524,0
              78.699316446,29.930127686,0
              78.697353391,29.929592307,0
              78.694260091,29.928224117,0
              78.691047819,29.926546597,0
              78.688811126,29.926070705,0
              78.688096714,29.926090552,0
              78.687097914,29.926118294,0
              78.685860594,29.926546597,0
              78.684099793,29.927308024,0
              78.682767295,29.927641149,0
              78.681577564,29.928354987,0
              78.681343240,29.928633247,0
              78.679995311,29.929615243,0
              78.679067321,29.929650934,0
              78.678246407,29.929508167,0
              78.677808363,29.929420560,0
              78.676640271,29.929186940,0
              78.675066379,29.928912905,0
              78.672571393,29.928080490,0
              78.671036641,29.927509420,0
              78.669323429,29.926831273,0
              78.668216979,29.926010359,0
              78.667574525,29.925118061,0
              78.665897005,29.923262082,0
              78.664593873,29.921228093,0
              78.664612171,29.921204567,0
              78.664754938,29.920847647,0
              78.664840261,29.920433094,0
              78.664693896,29.919536631,0
              78.664542807,29.919150703,0
              78.663572342,29.916671768,0
              78.663447700,29.915646199,0
              78.663422226,29.915436592,0
              78.663323058,29.914620630,0
              78.663409276,29.912226326,0
              78.663672238,29.911559977,0
              78.663962265,29.910825035,0
              78.664324432,29.910194454,0
              78.664686601,29.909563872,0
              78.666237444,29.907571438,0
              78.666441997,29.907308639,0
              78.667750478,29.905479175,0
              78.669742248,29.902236909,0
              78.669823988,29.902103849,0
              78.670209036,29.901488404,0
              78.671687653,29.899124978,0
              78.671766226,29.899010372,0
              78.672271359,29.897907313,0
              78.672461715,29.897374314,0
              78.672671108,29.896460601,0
              78.672823393,29.895451710,0
              78.672829643,29.895406009,0
              78.672923489,29.894719764,0
              78.673127964,29.893224534,0
              78.673280250,29.892634428,0
              78.673464613,29.892150478,0
              78.673580588,29.891846041,0
              78.673584821,29.891834929,0
              78.673946499,29.891035430,0
              78.674087347,29.890570634,0
              78.674099475,29.890530611,0
              78.674136856,29.890407252,0
              78.674441427,29.889588718,0
              78.674777123,29.888741487,0
              78.674841177,29.888579826,0
              78.675298033,29.887418649,0
              78.675557975,29.887015293,0
              78.675850068,29.886562043,0
              78.676402102,29.885629295,0
              78.676916066,29.884772689,0
              78.677191500,29.884111855,0
              78.677333417,29.883471376,0
              78.677346822,29.883410876,0
              78.677448522,29.882951897,0
              78.677829940,29.882102317,0
              78.678092543,29.881517384,0
              78.678414873,29.880799416,0
              78.678711377,29.880351616,0
              78.678851570,29.879861163,0
              78.679007342,29.879277292,0
              78.679155325,29.878685636,0
              78.679108593,29.878047269,0
              78.678881206,29.876394932,0
              78.678843423,29.876120377,0
              78.678788902,29.875474226,0
              78.678827845,29.875022698,0
              78.678897942,29.874477752,0
              78.678933757,29.874372067,0
              78.679062003,29.873993633,0
              78.680146991,29.872581979,0
              78.681768085,29.871605693,0
              78.682541409,29.871010828,0
              78.683076788,29.870237503,0
              78.683314734,29.869047773,0
              78.683314734,29.868214961,0
              78.682977412,29.866438200,0
              78.682970890,29.866355466,0
              78.682860116,29.864950316,0
              78.682795715,29.864133374,0
              78.682507538,29.862257201,0
              78.682269856,29.861770671,0
              78.681938218,29.861091812,0
              78.680707624,29.858600627,0
              78.680493107,29.858315432,0
              78.680036643,29.857708574,0
              78.679771831,29.856766594,0
              78.679687652,29.856296400,0
              78.679507021,29.855287453,0
              78.679469027,29.854904634,0
              78.679462623,29.854840109,0
              78.679405416,29.854263713,0
              78.679600130,29.852800142,0
              78.679829894,29.852041110,0
              78.680059656,29.851282077,0
              78.681400607,29.849471389,0
              78.683963045,29.847167043,0
              78.685204856,29.846213249,0
              78.685718902,29.845582668,0
              78.685807714,29.845380467,0
              78.685999290,29.844944302,0
              78.686108329,29.844368216,0
              78.686326930,29.842628259,0
              78.687035900,29.838512824,0
              78.687230614,29.837500780,0
              78.687425327,29.836488736,0
              78.687823466,29.835494606,0
              78.688096067,29.835058649,0
              78.688306358,29.834770606,0
              78.688633477,29.834537057,0
              78.688913866,29.834451423,0
              78.689482432,29.834396928,0
              78.690121094,29.834365788,0
              78.690475295,29.834334779,0
              78.691460913,29.834248487,0
              78.691558145,29.834239974,0
              78.692383733,29.834076490,0
              78.693176114,29.833835114,0
              78.693201533,29.833827372,0
              78.694190680,29.833368059,0
              78.695008480,29.832799757,0
              78.695162411,29.832533968,0
              78.695164905,29.832542251,0
              78.695344481,29.833138704,0
              78.695643020,29.834113926,0
              78.695881849,29.834711000,0
              78.696339606,29.835327977,0
              78.696936681,29.835944954,0
              78.697752683,29.836581833,0
              78.698926929,29.837377932,0
              78.699941955,29.837795885,0
              78.700837567,29.838054617,0
              78.702748205,29.838154129,0
              78.704260794,29.838134227,0
              78.705375333,29.837835690,0
              78.706131627,29.837477445,0
              78.706788408,29.837019688,0
              78.708460217,29.835288172,0
              78.710490270,29.833715876,0
              78.712142176,29.832382411,0
              78.713086775,29.831716546,0
              78.713356227,29.831526603,0
              78.714132424,29.830889724,0
              78.714888718,29.829894600,0
              78.715445987,29.828939281,0
              78.716043062,29.827944157,0
              78.717333360,29.826194016,0
              78.718363490,29.824564973,0
              78.718383051,29.824534038,0
              78.719379696,29.822957949,0
              78.720117329,29.821649246,0
              78.720617016,29.820721256,0
              78.720926346,29.820340542,0
              78.721521211,29.820126391,0
              78.721937878,29.820147225,0
              78.722472996,29.820173980,0
              78.723234423,29.819936034,0
              78.723689351,29.819676076,0
              78.724067235,29.819460141,0
              78.724995224,29.818413179,0
              78.725888169,29.817193498,0
              78.726470490,29.816247869,0
              78.727420221,29.815437125,0
              78.727446069,29.815415058,0
              78.727793517,29.815335317,0
              78.727810158,29.815331498,0
              78.728582367,29.815154270,0
              78.728897540,29.815081933,0
              78.729857335,29.814972592,0
              78.730777316,29.814867782,0
              78.731895661,29.814487068,0
              78.733024949,29.813374882,0
              78.733159195,29.813256127,0
              78.734313538,29.812101783,0
              78.735547492,29.810887731,0
              78.736681934,29.809773193,0
              78.737577545,29.809076606,0
              78.738572669,29.808419824,0
              78.739547891,29.808001872,0
              78.739702657,29.807955812,0
              78.741219699,29.807504310,0
              78.743150240,29.807444602,0
              78.745379317,29.807484407,0
              78.747289955,29.807623725,0
              78.748098032,29.807652450,0
              78.748579255,29.807576893,0
              78.749765413,29.808062523,0
              78.750836171,29.808633594,0
              78.752763534,29.809347432,0
              78.753596346,29.809466405,0
              78.754384798,29.809399589,0
              78.755000228,29.809347432,0
              78.756689645,29.809038102,0
              78.757807992,29.808633594,0
              78.758133273,29.808406885,0
              78.758593214,29.808086318,0
              78.758807364,29.807348685,0
              78.758988171,29.806484842,0
              78.759021517,29.806325517,0
              78.759012105,29.805713846,0
              78.759497409,29.805302348,0
              78.760163658,29.805278554,0
              78.760734729,29.805683062,0
              78.762138611,29.806920382,0
              78.762487584,29.807296624,0
              78.762877590,29.807717100,0
              78.762961525,29.807807593,0
              78.763661466,29.808562210,0
              78.763683367,29.808574099,0
              78.764494277,29.809014308,0
              78.764767025,29.809036574,0
              78.765660214,29.809109486,0
              78.766323443,29.809001649,0
              78.767240682,29.808852508,0
              78.768586950,29.808633594,0
              78.769848064,29.808419442,0
              78.770538108,29.808490826,0
              78.770847867,29.808558167,0
              78.771300037,29.808656466,0
              78.773830831,29.810034344,0
              78.774609604,29.810368104,0
              78.775555444,29.810773471,0
              78.776032785,29.810978046,0
              78.777125204,29.811446218,0
              78.778090152,29.811831532,0
              78.778373406,29.811944636,0
              78.779197896,29.812171265,0
              78.780517081,29.812542111,0
              78.781217897,29.812645124,0
              78.781836267,29.812686330,0
              78.782209497,29.812629806,0
              78.782516471,29.812583317,0
              78.783274700,29.812293343,0
              78.783839449,29.812073718,0
              78.783993727,29.811970868,0
              78.784206240,29.811829195,0
              78.786098448,29.810567719,0
              78.789622105,29.807600429,0
              78.790867444,29.806551722,0
              78.792338717,29.804967284,0
              78.792906818,29.804355473,0
              78.794533100,29.802932480,0
              78.794598857,29.802874941,0
              78.794765331,29.802729274,0
              78.795416816,29.802159225,0
              78.796012939,29.801876850,0
              78.796295315,29.801845475,0
              78.796922815,29.801876850,0
              78.797503350,29.802093645,0
              78.799602034,29.803021635,0
              78.799867594,29.803092959,0
              78.802100468,29.803692643,0
              78.804613179,29.804178053,0
              78.805378015,29.804178054,0
              78.805869535,29.804178053,0
              78.806594524,29.804018716,0
              78.806734036,29.803988054,0
              78.807101688,29.803907251,0
              78.807168720,29.803892518,0
              78.807923925,29.803725788,0
              78.808035946,29.803706581,0
              78.808410046,29.803626416,0
              78.808702195,29.803563813,0
              78.808772976,29.803538335,0
              78.809367342,29.803407108,0
              78.810723635,29.802664716,0
              78.811594518,29.801765280,0
              78.811602100,29.801734952,0
              78.811808669,29.800908674,0
              78.811888113,29.800375268,0
              78.811908607,29.800237665,0
              78.812351186,29.799709425,0
              78.813464774,29.799281122,0
              78.814464148,29.798952757,0
              78.815061393,29.798691016,0
              78.815353217,29.798447829,0
              78.815561078,29.798274610,0
              78.816001279,29.797715437,0
              78.816346302,29.797120572,0
              78.816417686,29.796692269,0
              78.816465275,29.796061712,0
              78.816281176,29.794158606,0
              78.816343926,29.793593856,0
              78.816500800,29.793091857,0
              78.818257883,29.790527465,0
              78.818487816,29.790065470,0
              78.818892325,29.788673485,0
              78.819094579,29.787614625,0
              78.819261142,29.787138733,0
              78.820248618,29.786198846,0
              78.820832116,29.785693940,0
              78.820868989,29.785654479,0
              78.821395297,29.785091237,0
              78.821786375,29.784425855,0
              78.822583827,29.783069017,0
              78.823564065,29.781401182,0
              78.824340975,29.780481590,0
              78.825128919,29.779820241,0
              78.825693669,29.779600616,0
              78.825834511,29.779586532,0
              78.826321168,29.779537866,0
              78.826885918,29.779537866,0
              78.827249438,29.779585283,0
              78.828329167,29.779726116,0
              78.828451599,29.779751854,0
              78.828897958,29.779845685,0
              78.830087689,29.780155015,0
              78.830730143,29.780059836,0
              78.831681928,29.779464971,0
              78.832041535,29.779245214,0
              78.832719532,29.778830884,0
              78.833395140,29.778418008,0
              78.834312149,29.777802308,0
              78.835060762,29.777299662,0
              78.835358603,29.777023097,0
              78.835727011,29.776681002,0
              78.836155315,29.776347877,0
              78.836806835,29.776328715,0
              78.836964331,29.776324083,0
              78.837892321,29.776657207,0
              78.837934106,29.776708112,0
              78.839164111,29.778206479,0
              78.839201024,29.778251446,0
              78.840019524,29.779113025,0
              78.840105220,29.779203230,0
              78.840628701,29.779322203,0
              78.841271156,29.779488766,0
              78.841437718,29.779845685,0
              78.841442786,29.780471397,0
              78.841770842,29.781106799,0
              78.842051345,29.781153692,0
              78.842392274,29.781210686,0
              78.843131053,29.781334185,0
              78.843300599,29.781368203,0
              78.846030078,29.781915816,0
              78.849147171,29.783105546,0
              78.850812794,29.783795590,0
              78.851035876,29.783894009,0
              78.851621811,29.784152509,0
              78.852097703,29.784152509,0
              78.853001898,29.784057331,0
              78.854643726,29.783414877,0
              78.854775354,29.783341613,0
              78.855062970,29.783181528,0
              78.856267047,29.782511338,0
              78.857165955,29.782010994,0
              78.858141200,29.781202162,0
              78.858628244,29.780738532,0
              78.858992923,29.780391380,0
              78.859566863,29.779794939,0
              78.860663763,29.779012874,0
              78.861544163,29.778727338,0
              78.862781483,29.778608365,0
              78.864485463,29.778378098,0
              78.864542284,29.778370419,0
              78.865684425,29.778180062,0
              78.866588621,29.777870732,0
              78.867730762,29.776823769,0
              78.867739009,29.776805628,0
              78.868206654,29.775776807,0
              78.868658752,29.775348504,0
              78.868978898,29.775086567,0
              78.869182233,29.774920201,0
              78.869750959,29.774771459,0
              78.870728883,29.774515692,0
              78.872251738,29.774515692,0
              78.873274907,29.774468103,0
              78.874797762,29.773897032,0
              78.875273653,29.773349756,0
              78.875717260,29.772200413,0
              78.875797135,29.771993464,0
              78.876082670,29.770208868,0
              78.876392000,29.769661592,0
              78.876772715,29.769233289,0
              78.877273700,29.769075837,0
              78.877605525,29.768971548,0
              78.878842845,29.768876370,0
              78.880103959,29.769114316,0
              78.881603020,29.770589582,0
              78.883316232,29.773397346,0
              78.883548746,29.773594394,0
              78.884031672,29.774003655,0
              78.884720114,29.774587076,0
              78.886480915,29.775205736,0
              78.887718233,29.775443682,0
              78.888291822,29.775274980,0
              78.888527250,29.775205736,0
              78.888850558,29.774967108,0
              78.890525998,29.773730470,0
              78.892215416,29.770994090,0
              78.893454847,29.769709447,0
              78.893774202,29.769378445,0
              78.894197794,29.768939399,0
              78.894742516,29.768362909,0
              78.895757948,29.767288236,0
              78.896833292,29.766150164,0
              78.897558054,29.765425402,0
              78.898524403,29.764019803,0
              78.898541902,29.763987643,0
              78.898611802,29.763859179,0
              78.898755837,29.763594468,0
              78.899337015,29.762526354,0
              78.899556640,29.762350654,0
              78.899712179,29.762316089,0
              78.899951965,29.762262804,0
              78.901621114,29.762152992,0
              78.903004750,29.762065142,0
              78.904234648,29.761735704,0
              78.905552398,29.761120755,0
              78.906584635,29.760439918,0
              78.907067810,29.759868893,0
              78.907183543,29.759657566,0
              78.907382069,29.759295059,0
              78.907638834,29.757958157,0
              78.907957811,29.757198638,0
              78.907959317,29.757195051,0
              78.907962421,29.757191261,0
              78.908341634,29.756728258,0
              78.908846771,29.756223121,0
              78.909351908,29.755849759,0
              78.909861536,29.755548571,0
              78.911125671,29.755196059,0
              78.912338806,29.755081072,0
              78.913489640,29.755002007,0
              78.914703965,29.755077674,0
              78.916581958,29.755599386,0
              78.916705187,29.755646008,0
              78.917606374,29.755986956,0
              78.917923100,29.756222202,0
              78.918634571,29.756750636,0
              78.919395999,29.757416885,0
              78.921185294,29.759710763,0
              78.921736456,29.760206120,0
              78.922008392,29.760450519,0
              78.923082853,29.760870383,0
              78.923926212,29.761081222,0
              78.925542651,29.761151502,0
              78.926913111,29.760975802,0
              78.927292345,29.760893414,0
              78.928201967,29.760695794,0
              78.928291238,29.760646801,0
              78.929548608,29.759956743,0
              78.931935393,29.758331698,0
              78.933125489,29.757131350,0
              78.934053479,29.756227155,0
              78.935290798,29.755703674,0
              78.936361556,29.755441933,0
              78.937004011,29.755346754,0
              78.938003384,29.755584700,0
              78.939026552,29.756298539,0
              78.940097310,29.757250323,0
              78.940681378,29.758613154,0
              78.940739764,29.758749384,0
              78.940852895,29.759261455,0
              78.941191862,29.760795720,0
              78.941429088,29.762056776,0
              78.941643959,29.763198976,0
              78.941798841,29.765160812,0
              78.941858111,29.765911561,0
              78.941869175,29.766011847,0
              78.941972857,29.766951675,0
              78.942429181,29.767696157,0
              78.942954568,29.767986027,0
              78.943119225,29.768076871,0
              78.943232941,29.768059268,0
              78.944272257,29.767898377,0
              78.944480363,29.767792772,0
              78.944995132,29.767531542,0
              78.945186981,29.767434183,0
              78.945256177,29.767371278,0
              78.946134676,29.766141379,0
              78.947751115,29.764700640,0
              78.948294529,29.764326608,0
              78.949302143,29.764002275,0
              78.950456893,29.763822140,0
              78.952073332,29.763787000,0
              78.952215590,29.763805066,0
              78.952795131,29.763878660,0
              78.954287150,29.764068120,0
              78.955760235,29.764464727,0
              78.957028069,29.764806060,0
              78.957224961,29.764935720,0
              78.957865642,29.765357635,0
              78.958468807,29.765754839,0
              78.959355310,29.766612227,0
              78.960296086,29.768003797,0
              78.960436646,29.768741737,0
              78.960506926,29.769163417,0
              78.960488727,29.770619348,0
              78.960471786,29.771974613,0
              78.960647486,29.772747694,0
              78.960928606,29.773380213,0
              78.961174584,29.773766753,0
              78.961212103,29.773822597,0
              78.962710354,29.776052549,0
              78.963424366,29.777115263,0
              78.963563679,29.777322614,0
              78.964196623,29.778264670,0
              78.964423050,29.778595871,0
              78.966551001,29.781708387,0
              78.966901915,29.782356228,0
              78.967238062,29.782976816,0
              78.968378280,29.785081825,0
              78.968498435,29.785223827,0
              78.968625440,29.785373924,0
              78.968764820,29.785538645,0
              78.969186499,29.785784624,0
              78.969633345,29.785771789,0
              78.970173698,29.785756266,0
              78.971339633,29.785446936,0
              78.973314585,29.785018633,0
              78.974456726,29.784875865,0
              78.974820842,29.784636916,0
              78.975979581,29.783876492,0
              78.976600122,29.783160138,0
              78.976732891,29.783006868,0
              78.978393173,29.781884086,0
              78.979358416,29.781021139,0
              78.980357790,29.780188327,0
              78.981499931,29.779974176,0
              78.982526957,29.780290186,0
              78.983020169,29.780441941,0
              78.983046581,29.780450068,0
              78.983106392,29.780508172,0
              78.983879392,29.781259085,0
              78.984176656,29.781811150,0
              78.984545641,29.782496404,0
              78.985164301,29.783709930,0
              78.986306442,29.785256579,0
              78.987107196,29.785758390,0
              78.987965607,29.786296324,0
              78.988091038,29.786374926,0
              78.989160750,29.787049311,0
              78.989185590,29.787064970,0
              78.989732866,29.787183943,0
              78.989791979,29.787183223,0
              78.991684023,29.787160148,0
              78.992696119,29.786875053,0
              78.993373440,29.786684256,0
              78.993533688,29.786677438,0
              78.994491788,29.786636667,0
              78.995007265,29.786785584,0
              78.995562546,29.786945997,0
              78.996221243,29.787354206,0
              78.997251963,29.787992959,0
              78.998703433,29.789444431,0
              78.999598291,29.790499905,0
              78.999631424,29.790538983,0
              79.001653966,29.792513935,0
              79.002518059,29.793194204,0
              79.002583816,29.793245971,0
              79.002970828,29.793458828,0
              79.003137588,29.793550545,0
              79.004051308,29.793633611,0
              79.004549703,29.793550545,0
              79.004668662,29.793517729,0
              79.005352671,29.793329037,0
              79.007263181,29.792221495,0
              79.009149464,29.791190096,0
              79.009928204,29.790826684,0
              79.010897304,29.790601714,0
              79.014793478,29.790431133,0
              79.014827430,29.790424143,0
              79.015634024,29.790258080,0
              79.016400403,29.790010859,0
              79.017043173,29.789664754,0
              79.017587055,29.789318647,0
              79.018007329,29.788923096,0
              79.018923357,29.788113581,0
              79.019070371,29.787983663,0
              79.019910916,29.787513946,0
              79.022566337,29.786317810,0
              79.023949515,29.785846686,0
              79.024844193,29.785332722,0
              79.025282014,29.784875865,0
              79.025586585,29.784209616,0
              79.025776941,29.783467225,0
              79.025783738,29.783446835,0
              79.025929227,29.783010368,0
              79.026205887,29.782769794,0
              79.026367048,29.782629654,0
              79.027242689,29.782267976,0
              79.027789818,29.782143558,0
              79.028718983,29.781944451,0
              79.029413469,29.781919200,0
              79.029788145,29.781905575,0
              79.030661420,29.781873817,0
              79.031756248,29.781697231,0
              79.033210543,29.781181617,0
              79.035641121,29.780319867,0
              79.036455962,29.780402479,0
              79.037560032,29.780916442,0
              79.038454710,29.781544620,0
              79.039577815,29.781944370,0
              79.041108199,29.782139149,0
              79.041671741,29.782210869,0
              79.046039960,29.783238246,0
              79.046094962,29.783251181,0
              79.048158951,29.783695734,0
              79.048390570,29.783745619,0
              79.050523336,29.784095402,0
              79.053013433,29.784551922,0
              79.053252202,29.784595694,0
              79.053949760,29.784723580,0
              79.056215007,29.785275615,0
              79.057298230,29.785473208,0
              79.057306387,29.785474696,0
              79.057319824,29.785487604,0
              79.057789417,29.785938691,0
              79.057811225,29.785950031,0
              79.058086849,29.786093356,0
              79.059954725,29.786271816,0
              79.060846363,29.786168575,0
              79.061084970,29.786140946,0
              79.062810079,29.785902999,0
              79.063392919,29.785849687,0
              79.063528989,29.785852514,0
              79.064610153,29.785874967,0
              79.070922835,29.786005909,0
              79.073465661,29.785935275,0
              79.074948976,29.785652739,0
              79.076538243,29.785017032,0
              79.077069634,29.784675428,0
              79.078021558,29.784063473,0
              79.078280943,29.783829319,0
              79.079288439,29.782919769,0
              79.080471622,29.781851614,0
              79.083107209,29.779472259,0
              79.083601649,29.779401624,0
              79.083709222,29.779426449,0
              79.084060770,29.779507576,0
              79.086426543,29.780217312,0
              79.086886133,29.780355184,0
              79.089640861,29.781061525,0
              79.092148370,29.781167476,0
              79.093101930,29.781026208,0
              79.093702320,29.780708355,0
              79.093952161,29.780402995,0
              79.094020174,29.780319867,0
              79.094187414,29.779913713,0
              79.094267392,29.779719478,0
              79.094282151,29.779591574,0
              79.094373343,29.778801235,0
              79.094338026,29.777953626,0
              79.094383147,29.777586783,0
              79.094611576,29.777129927,0
              79.095030361,29.776768249,0
              79.096020217,29.776482713,0
              79.096086853,29.776468287,0
              79.097866678,29.776082964,0
              79.099846390,29.775626107,0
              79.102416208,29.774826608,0
              79.103539313,29.774693359,0
              79.104186527,29.774712394,0
              79.105480954,29.775245394,0
              79.105569997,29.775286645,0
              79.106981523,29.775940556,0
              79.109489032,29.776964749,0
              79.110689811,29.777000066,0
              79.111148933,29.776894115,0
              79.111502103,29.776576262,0
              79.111819956,29.776223092,0
              79.113475943,29.774103252,0
              79.114611958,29.773221871,0
              79.115684082,29.772390040,0
              79.115941831,29.772313265,0
              79.117473436,29.771857041,0
              79.119972380,29.771631279,0
              79.120755165,29.771914414,0
              79.122026577,29.772656072,0
              79.123615844,29.773750900,0
              79.124957892,29.775410800,0
              79.127134666,29.779795918,0
              79.127394767,29.780319867,0
              79.128277692,29.782544840,0
              79.128666180,29.783074596,0
              79.129247362,29.783513228,0
              79.129165649,29.783723831,0
              79.128735820,29.784524806,0
              79.128479386,29.785002656,0
              79.127944007,29.785657008,0
              79.127335856,29.786403377,0
              79.127289656,29.786460076,0
              79.126843507,29.787173914,0
              79.126218899,29.788125699,0
              79.125177885,29.789702092,0
              79.124788136,29.790603387,0
              79.124701993,29.790802592,0
              79.124464046,29.792141039,0
              79.124136871,29.794342041,0
              79.123839438,29.796364582,0
              79.123393289,29.798268151,0
              79.123244573,29.799636341,0
              79.122411761,29.800766586,0
              79.120399908,29.801191481,0
              79.118753340,29.800915302,0
              79.117623095,29.800915302,0
              79.117134157,29.801078283,0
              79.116641568,29.801242477,0
              79.115362608,29.802164519,0
              79.113756472,29.802997330,0
              79.112120593,29.803681425,0
              79.111436497,29.804127574,0
              79.110365741,29.805049615,0
              79.108878577,29.806834211,0
              79.106076976,29.810091037,0
              79.105870795,29.810392028,0
              79.105223582,29.811162974,0
              79.104773277,29.811578120,0
              79.105960366,29.813493727,0
              79.107516534,29.817986150,0
              79.109277335,29.821840877,0
              79.110419476,29.824458284,0
              79.111276082,29.826123906,0
              79.112073959,29.827766927,0
              79.112227867,29.829740687,0
              79.112132688,29.830549704,0
              79.111689245,29.831229654,0
              79.111418851,29.831644256,0
              79.110419476,29.832358094,0
              79.109372513,29.832833986,0
              79.107198172,29.833580402,0
              79.106055545,29.834290216,0
              79.105151350,29.834908876,0
              79.104896306,29.835129457,0
              79.104270949,29.835670304,0
              79.103247781,29.836764856,0
              79.102938451,29.837478694,0
              79.102700505,29.838620836,0
              79.102521201,29.839054942,0
              79.102248407,29.839715388,0
              79.101677336,29.841642751,0
              79.100963498,29.842808687,0
              79.100059303,29.844236363,0
              79.099583411,29.844855023,0
              79.098274707,29.846020959,0
              79.097443784,29.846790336,0
              79.096989798,29.847210690,0
              79.094776038,29.850160357,0
              79.092516412,29.852421709,0
              79.091469449,29.853159341,0
              79.090565254,29.853587645,0
              79.088495122,29.854872554,0
              79.087662311,29.855586392,0
              79.087043651,29.856014695,0
              79.085996688,29.856442998,0
              79.084616601,29.857156837,0
              79.082903389,29.857799291,0
              79.081808837,29.858394156,0
              79.080714285,29.858465540,0
              79.079762501,29.858465540,0
              79.079048662,29.858989022,0
              79.078739332,29.859655271,0
              79.078453797,29.860154958,0
              79.077787548,29.860559466,0
              79.076883353,29.860559466,0
              79.075979158,29.860297725,0
              79.075122552,29.859964601,0
              79.074432508,29.859726655,0
              79.073647286,29.859750449,0
              79.072909652,29.859869422,0
              79.072267637,29.860235365,0
              79.071220236,29.860916385,0
              79.069388051,29.862106116,0
              79.068807566,29.862586023,0
              79.067865196,29.863367230,0
              79.067191723,29.864327195,0
              79.067627646,29.865074493,0
              79.069501472,29.868019076,0
              79.071018378,29.869982132,0
              79.071886200,29.871383266,0
              79.073226542,29.873547267,0
              79.073539721,29.874052880,0
              79.073755196,29.874400760,0
              79.075096130,29.876764297,0
              79.076921369,29.879777308,0
              79.079257262,29.884764533,0
              79.079686785,29.885422527,0
              79.080655195,29.886906048,0
              79.082112614,29.888720387,0
              79.083923744,29.890407110,0
              79.085830523,29.891397281,0
              79.088558093,29.892072682,0
              79.088953565,29.892170605,0
              79.091689945,29.892289579,0
              79.094009920,29.891992146,0
              79.095259137,29.891456767,0
              79.096805787,29.890921388,0
              79.098207277,29.890654014,0
              79.100731897,29.890148064,0
              79.102397521,29.890623956,0
              79.103735967,29.891605483,0
              79.104304771,29.891909353,0
              79.106002430,29.892816271,0
              79.109284563,29.893748942,0
              79.111211926,29.894005924,0
              79.112239853,29.894005924,0
              79.113039353,29.893920264,0
              79.113881681,29.893863156,0
              79.114652627,29.893820326,0
              79.115590420,29.893576605,0
              79.116168650,29.893390079,0
              79.117269151,29.893419822,0
              79.118726571,29.894014688,0
              79.119307323,29.894371130,0
              79.120486423,29.895094814,0
              79.120564782,29.895126103,0
              79.121250414,29.895399871,0
              79.121906662,29.896302212,0
              79.123905633,29.897822556,0
              79.125594905,29.899427364,0
              79.126583420,29.900545950,0
              79.126664776,29.900638008,0
              79.127457655,29.901839858,0
              79.127680004,29.902457498,0
              79.127883710,29.903023348,0
              79.128100110,29.903624453,0
              79.128135802,29.904802286,0
              79.128101618,29.905164632,0
              79.128024793,29.905978979,0
              79.127957342,29.906693958,0
              79.127924264,29.906793195,0
              79.127643841,29.907634464,0
              79.127457655,29.908193018,0
              79.125637368,29.910048998,0
              79.124553036,29.910826893,0
              79.123995540,29.911226831,0
              79.123103242,29.912333281,0
              79.122210944,29.914224952,0
              79.122174818,29.914488646,0
              79.121965285,29.916018033,0
              79.121961158,29.916048157,0
              79.121910916,29.916414877,0
              79.121785810,29.917076906,0
              79.121518634,29.918490719,0
              79.121343572,29.919417073,0
              79.121045406,29.922611751,0
              79.120949409,29.923640251,0
              79.120986392,29.923958307,0
              79.121090181,29.924850896,0
              79.121399881,29.925892613,0
              79.121878508,29.927300339,0
              79.123741724,29.930225154,0
              79.124299797,29.931101198,0
              79.124633218,29.931577205,0
              79.124876658,29.931924746,0
              79.126245767,29.933879289,0
              79.127806694,29.936372964,0
              79.128057582,29.936783845,0
              79.129120156,29.938523997,0
              79.130244921,29.940819168,0
              79.130353018,29.941039745,0
              79.130972418,29.943545497,0
              79.131034771,29.944647071,0
              79.131056881,29.945037687,0
              79.131060400,29.946642494,0
              79.130768178,29.948185979,0
              79.130609354,29.949024855,0
              79.130404020,29.949684873,0
              79.129603835,29.952256879,0
              79.128881517,29.953789990,0
              79.127929879,29.955809773,0
              79.127844178,29.955991663,0
              79.127186397,29.958083177,0
              79.126386898,29.960196139,0
              79.124705066,29.961427498,0
              79.123818658,29.961992768,0
              79.123659706,29.962094131,0
              79.122652781,29.962617229,0
              79.120957414,29.963450040,0
              79.118830421,29.964251280,0
              79.115771493,29.964849002,0
              79.115706131,29.964861773,0
              79.113156424,29.965651823,0
              79.111226630,29.966353574,0
              79.110391248,29.966657342,0
              79.108667502,29.967411481,0
              79.108602681,29.967460097,0
              79.107661983,29.968165620,0
              79.107436491,29.968536074,0
              79.107159224,29.968991582,0
              79.106871932,29.969817543,0
              79.106620553,29.971577201,0
              79.106627930,29.971805892,0
              79.106656465,29.972690453,0
              79.107410604,29.975311984,0
              79.107590160,29.976856173,0
              79.107594928,29.976937766,0
              79.107794552,29.980353613,0
              79.107913363,29.982386526,0
              79.108057008,29.983176576,0
              79.108419449,29.985934302,0
              79.108587499,29.987212919,0
              79.109368993,29.989891812,0
              79.110176490,29.991646031,0
              79.110250373,29.991806533,0
              79.111025098,29.993489557,0
              79.112054831,29.994883238,0
              79.113381894,29.996679334,0
              79.113802829,29.997038368,0
              79.114343158,29.997377547,0
              79.118680246,30.000099912,0
              79.120300950,30.000771666,0
              79.120570920,30.000910403,0
              79.121779625,30.001531543,0
              79.121825042,30.001554881,0
              79.122773594,30.001957805,0
              79.125872934,30.004282792,0
              79.126862202,30.005294543,0
              79.128385645,30.006852610,0
              79.129205310,30.007730822,0
              79.130638751,30.009266652,0
              79.131355213,30.010850105,0
              79.131918952,30.011519547,0
              79.132268926,30.011935139,0
              79.134039245,30.012848852,0
              79.137351454,30.013419922,0
              79.142105868,30.014088059,0
              79.142421442,30.014149801,0
              79.142781296,30.014213305,0
              79.143067600,30.014222566,0
              79.147345191,30.015304456,0
              79.149697883,30.015799759,0
              79.150428408,30.015953554,0
              79.152770362,30.016446597,0
              79.155436004,30.017173596,0
              79.155911251,30.017303203,0
              79.157756920,30.018427636,0
              79.158348619,30.019037266,0
              79.159240635,30.019773698,0
              79.159852600,30.020209334,0
              79.160389616,30.020510250,0
              79.161055786,30.020883533,0
              79.161383531,30.021003930,0
              79.161564028,30.021070234,0
              79.161833707,30.021163585,0
              79.162424928,30.021246563,0
              79.163005776,30.021329541,0
              79.164063749,30.021443636,0
              79.165200943,30.021524147,0
              79.165235818,30.021526615,0
              79.166304163,30.021599221,0
              79.168720906,30.021812890,0
              79.169556038,30.021916205,0
              79.170330685,30.022012038,0
              79.170720391,30.022096299,0
              79.170944725,30.022144803,0
              79.171293234,30.022310760,0
              79.171691529,30.022559695,0
              79.172040038,30.022825225,0
              79.172420046,30.023099329,0
              79.173674186,30.024210294,0
              79.176127151,30.026383226,0
              79.176641114,30.027582474,0
              79.176791930,30.027765611,0
              79.177440613,30.028553294,0
              79.180124645,30.029467007,0
              79.181446632,30.029907678,0
              79.183037106,30.030437828,0
              79.186235100,30.031579969,0
              79.187091707,30.032322361,0
              79.187593933,30.033416574,0
              79.187662778,30.035691677,0
              79.188087088,30.037335881,0
              79.188119634,30.037461996,0
              79.189366458,30.040862423,0
              79.189375990,30.040888420,0
              79.189947060,30.042944275,0
              79.190366999,30.045120333,0
              79.190564328,30.046142846,0
              79.190575238,30.046199377,0
              79.191225471,30.048868794,0
              79.191660272,30.050653728,0
              79.192167909,30.051914069,0
              79.192193129,30.051976682,0
              79.192638448,30.053082303,0
              79.192766879,30.053401165,0
              79.193316377,30.054765437,0
              79.194572733,30.056764184,0
              79.194679476,30.056906510,0
              79.195350947,30.057801821,0
              79.195953278,30.058604927,0
              79.196053078,30.058737991,0
              79.196628587,30.059505323,0
              79.197128208,30.059919301,0
              79.198385538,30.060961087,0
              79.198627334,30.061161428,0
              79.199441046,30.061596936,0
              79.201025269,30.062444830,0
              79.202681936,30.063331497,0
              79.203220112,30.064122937,0
              79.203652756,30.064759173,0
              79.203481435,30.066015529,0
              79.201758835,30.068332177,0
              79.200169225,30.070469880,0
              79.199503190,30.071620314,0
              79.198912869,30.072639948,0
              79.198056263,30.075095552,0
              79.197846979,30.075683555,0
              79.196857015,30.078464869,0
              79.195488493,30.080563278,0
              79.195143804,30.081091793,0
              79.194287197,30.082633684,0
              79.194801161,30.084175575,0
              79.195156044,30.084374311,0
              79.194777821,30.084639407,0
              79.193707063,30.085531705,0
              79.192529230,30.086245543,0
              79.191958161,30.086531079,0
              79.191351397,30.086959382,0
              79.190958786,30.087280609,0
              79.190780326,30.087708912,0
              79.190744634,30.088172907,0
              79.190566175,30.088387058,0
              79.190244947,30.088494134,0
              79.189531109,30.088636902,0
              79.188924347,30.088993821,0
              79.188603120,30.089350740,0
              79.188174818,30.089600584,0
              79.187139751,30.090350114,0
              79.186729551,30.090629796,0
              79.186354529,30.090885492,0
              79.185462231,30.091313795,0
              79.185033928,30.091492255,0
              79.184320090,30.091742098,0
              79.183534868,30.091742098,0
              79.182214267,30.091742098,0
              79.180750898,30.091742098,0
              79.179287530,30.091742098,0
              79.178502308,30.091884866,0
              79.178074004,30.092170401,0
              79.177859853,30.092598704,0
              79.177824161,30.093134083,0
              79.177824161,30.093526694,0
              79.177681394,30.093812229,0
              79.177181707,30.094026381,0
              79.176110949,30.094204841,0
              79.175611262,30.094597452,0
              79.175004500,30.095275598,0
              79.174290662,30.096060820,0
              79.173649732,30.096616903,0
              79.173184212,30.096774658,0
              79.172363298,30.096774658,0
              79.171934995,30.096738967,0
              79.171512321,30.096785931,0
              79.171292542,30.096810350,0
              79.170844499,30.096331852,0
              79.170757162,30.095989436,0
              79.170757161,30.095382674,0
              79.170685777,30.094276224,0
              79.170257475,30.093812229,0
              79.169436561,30.093491002,0
              79.168294420,30.093134083,0
              79.167259355,30.093062699,0
              79.166117213,30.093062699,0
              79.165153531,30.093062699,0
              79.164332617,30.092991315,0
            </coordinates>
          </LinearRing>
        </outerBoundaryIs>
      </Polygon>
      </MultiGeometry>
    </Placemark>
    <Placemark>
      <description>Western Nayar Watershed

WATERSHED AREA : </description>
      <name>Western Nayar Watershed</name>
      <styleUrl>#area8</styleUrl>
      <MultiGeometry>
      <Point>
      <coordinates>78.915604195,30.064781665,0</coordinates>
      </Point>
      <Polygon>
        <outerBoundaryIs>
          <LinearRing>
            <coordinates>
              79.122854695,30.180036414,0
              79.121859238,30.180755355,0
              79.121173954,30.181497747,0
              79.120602883,30.182125925,0
              79.119860491,30.182525674,0
              79.118832564,30.183039638,0
              79.117975958,30.183782030,0
              79.117176459,30.185152599,0
              79.116103322,30.186153162,0
              79.115329997,30.187045460,0
              79.114943335,30.187848528,0
              79.114437699,30.188264934,0
              79.113128995,30.188919286,0
              79.112415158,30.189662867,0
              79.111701320,30.189871070,0
              79.110898252,30.189573638,0
              79.110660305,30.189484408,0
              79.110362872,30.189424922,0
              79.109886980,30.189424921,0
              79.109381345,30.189633124,0
              79.108905453,30.190227989,0
              79.108667507,30.190644395,0
              79.108072640,30.191447463,0
              79.107239830,30.192101815,0
              79.105663437,30.192875139,0
              79.104979342,30.193172572,0
              79.103819355,30.193529492,0
              79.102867569,30.193856667,0
              79.101172204,30.194600249,0
              79.101043883,30.194705473,0
              79.099685041,30.195819723,0
              79.098881973,30.196890479,0
              79.098316851,30.198109954,0
              79.098316851,30.199567374,0
              79.097959931,30.200578645,0
              79.096978404,30.201322226,0
              79.096331942,30.202830642,0
              79.096264566,30.202987849,0
              79.096294309,30.204593985,0
              79.097454298,30.205962175,0
              79.098406081,30.206854473,0
              79.099476838,30.207449338,0
              79.100666569,30.207806258,0
              79.101296067,30.208131166,0
              79.102302551,30.209041595,0
              79.102064502,30.209471880,0
              79.101707583,30.210037002,0
              79.101201948,30.210691354,0
              79.100577339,30.211196990,0
              79.099506582,30.211613395,0
              79.097008148,30.212238004,0
              79.094539457,30.213041072,0
              79.093052293,30.213665680,0
              79.090226684,30.214528235,0
              79.087728250,30.215242073,0
              79.086241087,30.216104628,0
              79.085765194,30.216372317,0
              79.085081099,30.216610263,0
              79.084634950,30.216818466,0
              79.084188801,30.216818466,0
              79.083593936,30.216640006,0
              79.083088301,30.216788723,0
              79.082731382,30.217086156,0
              79.082404206,30.217443075,0
              79.082196003,30.217740507,0
              79.081868827,30.217948710,0
              79.081511908,30.217948710,0
              79.080946785,30.217948710,0
              79.080351921,30.217978453,0
              79.079667825,30.218186656,0
              79.078775528,30.218573319,0
              79.078656002,30.218613162,0
              79.077347852,30.219049211,0
              79.076297173,30.219297555,0
              79.075711972,30.219435873,0
              79.074849417,30.219644076,0
              79.073867889,30.219822536,0
              79.073451484,30.219911765,0
              79.072588929,30.219763049,0
              79.071756118,30.219168184,0
              79.071161251,30.218513832,0
              79.070417671,30.217829737,0
              79.069584859,30.217324102,0
              79.068365386,30.216996926,0
              79.067413600,30.216848209,0
              79.066104898,30.216491290,0
              79.065301830,30.216253344,0
              79.063933640,30.215628736,0
              79.063071085,30.215242073,0
              79.062000328,30.215212330,0
              79.060840340,30.215450276,0
              79.059258794,30.215852852,0
              79.059204461,30.215866682,0
              79.057628068,30.215896425,0
              79.056051675,30.215628736,0
              79.054951174,30.215271817,0
              79.053999390,30.214825668,0
              79.052333767,30.214528234,0
              79.050668144,30.214468748,0
              79.048883549,30.214052343,0
              79.047366642,30.214052343,0
              79.045641533,30.214409262,0
              79.044303086,30.214974384,0
              79.043080497,30.215286025,0
              79.042786180,30.215361046,0
              79.041328760,30.215361046,0
              79.040347232,30.214974384,0
              79.039395448,30.214409262,0
              79.038413920,30.213814397,0
              79.037610852,30.213338504,0
              79.036688811,30.212535436,0
              79.036153432,30.212119031,0
              79.035707283,30.211851341,0
              79.034874471,30.211375449,0
              79.034130889,30.210750841,0
              79.033387309,30.210096489,0
              79.032682355,30.209570456,0
              79.032295932,30.208707976,0
              79.032005310,30.208059311,0
              79.031980721,30.206676168,0
              79.031602713,30.204564242,0
              79.031186308,30.202452470,0
              79.030948361,30.201976578,0
              79.030710415,30.201203253,0
              79.030472469,30.200102753,0
              79.030472468,30.198764306,0
              79.030621186,30.198109954,0
              79.030720219,30.197483005,0
              79.030799645,30.196771507,0
              79.031067334,30.196474075,0
              79.031067334,30.195224858,0
              79.030934053,30.194003109,0
              79.030888874,30.193588978,0
              79.030621186,30.192875140,0
              79.030175037,30.192250531,0
              79.029835093,30.191995574,0
              79.029104279,30.191447463,0
              79.028390441,30.190614652,0
              79.027646859,30.189276204,0
              79.027379170,30.188502880,0
              79.026754561,30.187848528,0
              79.025713547,30.187372636,0
              79.024969966,30.186867001,0
              79.024107411,30.185974703,0
              79.022768964,30.184814716,0
              79.021400774,30.183892675,0
              79.018813110,30.183535755,0
              79.018482025,30.183611003,0
              79.017504407,30.183833188,0
              79.015779297,30.184309080,0
              79.013340350,30.184695743,0
              79.011882930,30.184903945,0
              79.009295266,30.184874202,0
              79.007659387,30.184130621,0
              79.006172224,30.183743958,0
              79.004357885,30.183892675,0
              79.003435844,30.184190107,0
              79.002484059,30.184428053,0
              79.001591761,30.183952161,0
              79.001484237,30.183899853,0
              79.000491261,30.183416782,0
              79.000074855,30.182702944,0
              78.998795894,30.181810646,0
              78.997819871,30.181611006,0
              78.997487191,30.181542957,0
              78.995732339,30.181364497,0
              78.994036973,30.180799375,0
              78.993114931,30.180561429,0
              78.991241106,30.181007578,0
              78.990527267,30.181394240,0
              78.989902659,30.181691673,0
              78.989783686,30.181721416,0
              78.988296523,30.182227052,0
              78.987136536,30.182405511,0
              78.986125264,30.182435255,0
              78.985470913,30.182643457,0
              78.984221696,30.182673201,0
              78.983448372,30.182346025,0
              78.981485316,30.182108080,0
              78.979700720,30.182256795,0
              78.978451503,30.182375768,0
              78.976845367,30.182405511,0
              78.976072042,30.182405511,0
              78.975328460,30.181989106,0
              78.974933300,30.181341265,0
              78.974495648,30.180769632,0
              78.973930527,30.180115280,0
              78.973067972,30.179431185,0
              78.971670039,30.179074266,0
              78.971077980,30.179046729,0
              78.970391078,30.179014779,0
              78.969022890,30.178836320,0
              78.967416753,30.178419914,0
              78.966405482,30.178033252,0
              78.965453697,30.177914279,0
              78.964636390,30.177800480,0
              78.963103979,30.177587103,0
              78.962390141,30.177497873,0
              78.961557330,30.177497873,0
              78.960845946,30.177715302,0
              78.959921450,30.177735819,0
              78.959564531,30.177646589,0
              78.959216837,30.177311903,0
              78.958701977,30.176903008,0
              78.958196341,30.176516345,0
              78.957482503,30.176129683,0
              78.956263029,30.175832250,0
              78.955925196,30.175709402,0
              78.955608678,30.175594304,0
              78.955489704,30.175594304,0
              78.955311245,30.175683534,0
              78.954865096,30.175802507,0
              78.953496906,30.176218913,0
              78.952530306,30.176665655,0
              78.951890769,30.177111211,0
              78.951057958,30.177289670,0
              78.949868228,30.177646589,0
              78.949005673,30.177884535,0
              78.947131847,30.178181968,0
              78.946675912,30.178181969,0
              78.946358523,30.178181968,0
              78.945495968,30.177557360,0
              78.944692900,30.176843521,0
              78.943860089,30.176694805,0
              78.943086764,30.176694805,0
              78.942194466,30.176843521,0
              78.941510371,30.176903008,0
              78.940707303,30.177170697,0
              78.940079168,30.177611716,0
              78.939101167,30.178449657,0
              78.936275558,30.180204510,0
              78.935264286,30.180531686,0
              78.933063284,30.181275267,0
              78.931695094,30.181780903,0
              78.930178188,30.182227052,0
              78.928363848,30.182375768,0
              78.927557050,30.182375769,0
              78.927203862,30.182375768,0
              78.925895158,30.182227052,0
              78.923188521,30.182197309,0
              78.919678816,30.182048593,0
              78.916585517,30.181423984,0
              78.915496826,30.181028366,0
              78.915242696,30.180929602,0
              78.913789650,30.180710145,0
              78.912689149,30.180472199,0
              78.911737366,30.180204510,0
              78.910993784,30.179936821,0
              78.910012256,30.179431185,0
              78.909551049,30.179186123,0
              78.908897888,30.178839065,0
              78.908164978,30.178449631,0
              78.905967640,30.177793734,0
              78.904093347,30.177854792,0
              78.902338494,30.177706076,0
              78.901267737,30.177468130,0
              78.900375439,30.177111211,0
              78.899483141,30.176665062,0
              78.898471870,30.176099940,0
              78.897698545,30.175624048,0
              78.896270867,30.174493804,0
              78.895200111,30.173928683,0
              78.893600301,30.173629513,0
              78.891541691,30.173482533,0
              78.889608378,30.173452789,0
              78.887972498,30.173333817,0
              78.887516524,30.173105831,0
              78.886842253,30.172768694,0
              78.886128416,30.171935883,0
              78.885176632,30.170508206,0
              78.884329628,30.169548273,0
              78.883838185,30.168991300,0
              78.883035117,30.168426178,0
              78.880447453,30.167474394,0
              78.879257722,30.166968758,0
              78.877562356,30.166403636,0
              78.876521342,30.166076460,0
              78.874825976,30.165868257,0
              78.873428043,30.165808771,0
              78.872062683,30.165750504,0
              78.867271423,30.166864394,0
              78.866706848,30.166997910,0
              78.862510681,30.166927338,0
              78.859214783,30.166452408,0
              78.858705128,30.166641581,0
              78.858288722,30.166849785,0
              78.857604627,30.166879528,0
              78.856920532,30.166611839,0
              78.856266180,30.166373893,0
              78.855641572,30.166076460,0
              78.855427717,30.165893156,0
              78.855016963,30.165541082,0
              78.854451841,30.164886730,0
              78.853202624,30.162893931,0
              78.852839756,30.161597125,0
              78.852700641,30.160813018,0
              78.852578016,30.160121859,0
              78.852411453,30.158932129,0
              78.852340070,30.157266506,0
              78.852744578,30.155672267,0
              78.852982524,30.154553920,0
              78.853149086,30.153173833,0
              78.853268059,30.151103702,0
              78.853268059,30.150556426,0
              78.852720783,30.148295938,0
              78.852387659,30.147344153,0
              78.851816587,30.146439958,0
              78.851499691,30.146005695,0
              78.851174135,30.145559558,0
              78.850293733,30.144679157,0
              78.848585813,30.143845058,0
              78.848247398,30.143679784,0
              78.846391417,30.143441837,0
              78.845320660,30.143418043,0
              78.843583653,30.143370454,0
              78.841822852,30.143299070,0
              78.839171387,30.142633135,0
              78.836902540,30.142201145,0
              78.835350717,30.141800009,0
              78.834184782,30.141324117,0
              78.833304382,30.140872020,0
              78.832542954,30.140396127,0
              78.831781527,30.139920235,0
              78.830901126,30.139206397,0
              78.830229570,30.138447247,0
              78.829806574,30.137969077,0
              78.829092736,30.136303454,0
              78.828307513,30.133971583,0
              78.827522290,30.132377344,0
              78.827236756,30.131187613,0
              78.827141578,30.129997883,0
              78.827141579,30.128712974,0
              78.827369008,30.127618471,0
              78.827522291,30.126880789,0
              78.827665059,30.125857621,0
              78.827665058,30.124144409,0
              78.827046399,30.121907715,0
              78.826570507,30.121027315,0
              78.826094615,30.120456244,0
              78.825071447,30.119361692,0
              78.824577333,30.118883133,0
              78.823477208,30.118552675,0
              78.822715780,30.118433702,0
              78.821240514,30.118362318,0
              78.820553957,30.118366703,0
              78.819544642,30.118373144,0
              78.817790296,30.118338524,0
              78.815862932,30.118243345,0
              78.812603072,30.117815042,0
              78.810604324,30.117577096,0
              78.808058300,30.117291561,0
              78.804512903,30.116958436,0
              78.801800317,30.116863258,0
              78.800039517,30.116839463,0
              78.796519594,30.116827159,0
              78.793043901,30.116982231,0
              78.791973144,30.117101204,0
              78.790518355,30.117273484,0
              78.790164755,30.117315356,0
              78.788903639,30.117624686,0
              78.788213596,30.118576470,0
              78.787285606,30.119409281,0
              78.786881097,30.119813790,0
              78.786381411,30.120337271,0
              78.785596188,30.120813163,0
              78.784929939,30.121074904,0
              78.783740208,30.121265261,0
              78.783121548,30.121431823,0
              78.781741462,30.121883921,0
              78.779283834,30.122849736,0
              78.779132809,30.122880260,0
              78.776054550,30.123501954,0
              78.774745846,30.123549543,0
              78.773008840,30.123049857,0
              78.771248039,30.122407402,0
              78.769796567,30.121503207,0
              78.768392685,30.120765574,0
              78.767131571,30.119932763,0
              78.764918672,30.118195756,0
              78.763752736,30.117362945,0
              78.761801578,30.115982857,0
              78.759660063,30.114650359,0
              78.758708279,30.113865137,0
              78.758424025,30.113675635,0
              78.757708905,30.113198888,0
              78.756971273,30.112175720,0
              78.756233640,30.111366703,0
              78.755258061,30.110533892,0
              78.754472838,30.109891437,0
              78.753711411,30.108511350,0
              78.753473464,30.107416798,0
              78.753402081,30.106274657,0
              78.753425876,30.105513229,0
              78.753021367,30.105037337,0
              78.752616859,30.104728007,0
              78.751879226,30.104371088,0
              78.751046415,30.103966578,0
              78.750570522,30.103538276,0
              78.749737711,30.102800643,0
              78.749000078,30.102063011,0
              78.748214856,30.101610913,0
              78.747572402,30.101253994,0
              78.745750427,30.100639343,0
              78.744788432,30.100254620,0
              78.744169772,30.099992879,0
              78.743360756,30.099802523,0
              78.742313793,30.099612166,0
              78.741243035,30.099564576,0
              78.739934332,30.099540782,0
              78.739767769,30.099540782,0
              78.738887369,30.099802523,0
              78.737993667,30.099948434,0
              78.737721433,30.099992879,0
              78.736769649,30.099992879,0
              78.735913043,30.100159442,0
              78.735437150,30.100230826,0
              78.734628134,30.099826317,0
              78.734247420,30.099255247,0
              78.733795322,30.098303462,0
              78.733604965,30.097589624,0
              78.733533582,30.096542661,0
              78.733533582,30.095876412,0
              78.733485992,30.095281547,0
              78.733438403,30.094639092,0
              78.733224252,30.093853870,0
              78.732462824,30.092568961,0
              78.731392067,30.091640971,0
              78.730621614,30.091112688,0
              78.730142374,30.090478574,0
              78.729678855,30.089666019,0
              78.729298141,30.089118743,0
              78.728941221,30.088571467,0
              78.728679481,30.087667271,0
              78.728618371,30.087438107,0
              78.728489124,30.086953433,0
              78.728298767,30.086501336,0
              78.727918054,30.085858881,0
              78.727275599,30.084859507,0
              78.726847296,30.084121875,0
              78.726228636,30.083574599,0
              78.725419620,30.083146296,0
              78.724705781,30.082646609,0
              78.723896765,30.081361700,0
              78.723349488,30.080433710,0
              78.723111542,30.079862639,0
              78.722831726,30.078548431,0
              78.722302526,30.077161951,0
              78.722023136,30.076468188,0
              78.719818115,30.072240829,0
              78.718215942,30.070070267,0
              78.717864831,30.069595265,0
              78.717388939,30.069095578,0
              78.716988705,30.068957567,0
              78.717349591,30.068083511,0
              78.717884969,30.066864037,0
              78.718241888,30.065674307,0
              78.718390605,30.064395346,0
              78.718509578,30.063265102,0
              78.718777267,30.061896912,0
              78.719015213,30.060052830,0
              78.719431620,30.059190275,0
              78.720889039,30.058535923,0
              78.721245958,30.058297977,0
              78.721662364,30.058119518,0
              78.722524918,30.057911315,0
              78.723357730,30.057732855,0
              78.723952595,30.057435423,0
              78.725031434,30.056205421,0
              78.725945393,30.055264164,0
              78.726778204,30.054490840,0
              78.727538428,30.054076114,0
              78.728034571,30.053498318,0
              78.728562801,30.053330852,0
              78.729008949,30.052973933,0
              78.729426800,30.052329303,0
              78.730198680,30.051784202,0
              78.730972005,30.051367797,0
              78.731685843,30.051189337,0
              78.733916588,30.051189337,0
              78.735611954,30.051010878,0
              78.737099117,30.050029350,0
              78.737159368,30.049967380,0
              78.738140131,30.048958593,0
              78.738616023,30.047947322,0
              78.739329862,30.046698105,0
              78.740638565,30.045627347,0
              78.742423161,30.042682764,0
              78.742839567,30.042058156,0
              78.743018026,30.041641750,0
              78.742997293,30.041403319,0
              78.742958540,30.040957655,0
              78.742809822,30.040362790,0
              78.742839567,30.040124844,0
              78.743136998,30.039916641,0
              78.743136999,30.039262289,0
              78.742979177,30.038521053,0
              78.742393418,30.037626410,0
              78.741858039,30.036525909,0
              78.741858039,30.035276692,0
              78.741858932,30.035248995,0
              78.741887782,30.034354651,0
              78.742333931,30.033730042,0
              78.742606115,30.031649848,0
              78.742542134,30.030190594,0
              78.742423160,30.029268553,0
              78.742395418,30.029210655,0
              78.741739066,30.027840876,0
              78.739776011,30.025223469,0
              78.738764740,30.024033739,0
              78.738199618,30.022962980,0
              78.737902185,30.021981454,0
              78.737366806,30.020553777,0
              78.737222566,30.020364462,0
              78.736890914,30.019929169,0
              78.736087846,30.019720966,0
              78.734985352,30.019531250,0
              78.734437690,30.019315268,0
              78.733828548,30.019372375,0
              78.733447834,30.019600803,0
              78.732743514,30.019810195,0
              78.731886908,30.019296232,0
              78.731452869,30.018740362,0
              78.730801873,30.017906627,0
              78.730230803,30.016174379,0
              78.730059482,30.014937059,0
              78.729678768,30.013566490,0
              78.729279018,30.012310134,0
              78.728041699,30.009968745,0
              78.727413521,30.008845639,0
              78.726899557,30.007912890,0
              78.726614022,30.007722534,0
              78.726252344,30.007665427,0
              78.726081023,30.007551212,0
              78.725852594,30.007284713,0
              78.725528988,30.006713642,0
              78.725110203,30.006009322,0
              78.724672382,30.005190787,0
              78.723987097,30.003667932,0
              78.723615206,30.002180376,0
              78.723454098,30.001535935,0
              78.723358919,30.000127294,0
              78.723149527,29.999004188,0
              78.722940134,29.996796049,0
              78.722407134,29.993807446,0
              78.722398583,29.993234476,0
              78.722369064,29.991256663,0
              78.721569565,29.988020596,0
              78.721112708,29.986383527,0
              78.721036622,29.986132896,0
              78.720141888,29.983185532,0
              78.719551782,29.981491355,0
              78.718638069,29.977474825,0
              78.718314462,29.976237506,0
              78.717667249,29.973629616,0
              78.717229428,29.968870694,0
              78.716772571,29.968014088,0
              78.716448965,29.967538196,0
              78.715896930,29.967109892,0
              78.715516216,29.966491233,0
              78.715087913,29.965587038,0
              78.715040324,29.964778021,0
              78.715563805,29.963921415,0
              78.715516216,29.962826863,0
              78.715183091,29.962017847,0
              78.715183091,29.961085011,0
              78.715183091,29.961018473,0
              78.716158670,29.959697872,0
              78.716991482,29.958865061,0
              78.717586347,29.957972763,0
              78.717581805,29.957922797,0
              78.717526861,29.957318411,0
              78.716931994,29.956069194,0
              78.716730102,29.955591579,0
              78.716277643,29.954701004,0
              78.716396616,29.953511273,0
              78.716931995,29.952856922,0
              78.718001323,29.952179872,0
              78.718954537,29.951548218,0
              78.719430429,29.950953353,0
              78.719787348,29.950180028,0
              78.720144267,29.948871325,0
              78.720203754,29.947027242,0
              78.720322727,29.945421106,0
              78.720620160,29.943636510,0
              78.720858106,29.941792428,0
              78.721274511,29.939531940,0
              78.720620160,29.937271452,0
              78.718776077,29.936022236,0
              78.716872508,29.935129937,0
              78.714968940,29.934773018,0
              78.713660236,29.934951478,0
              78.711875640,29.935367883,0
              78.709912585,29.935665316,0
              78.709139260,29.935486856,0
              78.708544395,29.935010964,0
              78.707563016,29.933694459,0
              78.710737859,29.931138957,0
              78.711273238,29.930663065,0
              78.711987076,29.929711280,0
              78.712819887,29.927926684,0
              78.713159884,29.927076692,0
              78.715699124,29.924249558,0
              78.718732936,29.922583935,0
              78.719922668,29.921632151,0
              78.720695992,29.920442420,0
              78.721112397,29.918955258,0
              78.721247722,29.916782355,0
              78.721588290,29.913958389,0
              78.722123668,29.912411739,0
              78.722540074,29.911816874,0
              78.724134313,29.909651565,0
              78.725026611,29.909651565,0
              78.725526298,29.909937100,0
              78.726168752,29.910615246,0
              78.726704131,29.911828772,0
              78.727310893,29.912970913,0
              78.728024732,29.913649059,0
              78.728524417,29.913863211,0
              78.729345332,29.913863211,0
              78.729880711,29.913756135,0
              78.731022852,29.913470600,0
              78.732521913,29.913006605,0
              78.734520660,29.912649686,0
              78.735341574,29.912471226,0
              78.737225628,29.912218988,0
              78.738696526,29.911924809,0
              78.740612804,29.911924815,0
              78.741670852,29.911924809,0
              78.743990826,29.912519674,0
              78.746310801,29.913233513,0
              78.748571289,29.913411972,0
              78.751724075,29.912936080,0
              78.753627643,29.912519674,0
              78.756839916,29.912400701,0
              78.761777297,29.912757620,0
              78.763799839,29.913055053,0
              78.766656646,29.913737288,0
              78.767785436,29.914006837,0
              78.770997709,29.914423243,0
              78.773734089,29.914601703,0
              78.777481740,29.915018108,0
              78.780575039,29.914125811,0
              78.782240662,29.913590432,0
              78.784739096,29.913352486,0
              78.786264136,29.913722194,0
              78.786702151,29.913828378,0
              78.788665207,29.914542216,0
              78.790449802,29.915850920,0
              78.791699018,29.918051921,0
              78.792334778,29.919528298,0
              78.793456193,29.920954249,0
              78.796041536,29.925963629,0
              78.797052807,29.926915413,0
              78.798539970,29.928462063,0
              78.799848673,29.929592307,0
              78.802049676,29.930960497,0
              78.804012730,29.931793308,0
              78.805916299,29.932388174,0
              78.807998327,29.932685607,0
              78.809009598,29.932923552,0
              78.809901896,29.933518418,0
              78.810927446,29.935009399,0
              78.811250413,29.935707535,0
              78.811448546,29.936135825,0
              78.812313916,29.936644866,0
              78.812369135,29.936677347,0
              78.812459817,29.936730690,0
              78.814502810,29.937143313,0
              78.815969522,29.937504015,0
              78.816861820,29.938277340,0
              78.817033740,29.939522894,0
              78.817070342,29.939853571,0
              78.817159252,29.940656801,0
              78.817159251,29.941549099,0
              78.817575658,29.942738829,0
              78.818467956,29.945237263,0
              78.819598200,29.946783913,0
              78.820609471,29.947616724,0
              78.821382797,29.948687482,0
              78.822334580,29.950591050,0
              78.823583797,29.952078214,0
              78.825265729,29.953425436,0
              78.825642712,29.953727398,0
              78.827885531,29.954555416,0
              78.830067828,29.955885351,0
              78.831812689,29.956086076,0
              78.832804208,29.955944838,0
              78.834291371,29.955647405,0
              78.835183669,29.956004324,0
              78.835719048,29.956837136,0
              78.835778535,29.958681218,0
              78.836254427,29.959930435,0
              78.836611346,29.962012463,0
              78.836789806,29.963440140,0
              78.837563130,29.965105763,0
              78.838039023,29.965641141,0
              78.838812347,29.965938574,0
              78.839691162,29.966106415,0
              78.840624704,29.965906848,0
              78.841171980,29.966144794,0
              78.841267159,29.967048989,0
              78.841124390,29.968405282,0
              78.840696087,29.969523629,0
              78.840386757,29.970404028,0
              78.840529525,29.971046485,0
              78.840650384,29.971171838,0
              78.841522824,29.972076734,0
              78.843027959,29.972831079,0
              78.844312868,29.973235588,0
              78.845169474,29.973354561,0
              78.847691703,29.972973847,0
              78.851427456,29.971213046,0
              78.853259641,29.969928137,0
              78.854354194,29.968286309,0
              78.855781870,29.964883680,0
              78.856210173,29.963884306,0
              78.856757449,29.963003905,0
              78.858232715,29.962171094,0
              78.859993516,29.962052121,0
              78.861492577,29.962385245,0
              78.862944048,29.962789754,0
              78.864823822,29.963527387,0
              78.865918374,29.964169841,0
              78.867298461,29.964598144,0
              78.869225826,29.964883680,0
              78.871629080,29.964907474,0
              78.873651622,29.964907474,0
              78.876292824,29.964265020,0
              78.877625322,29.964265020,0
              78.878934026,29.963931895,0
              78.879322205,29.963851329,0
              78.880195140,29.963670154,0
              78.880521254,29.963597685,0
              78.880837595,29.963527387,0
              78.881694200,29.963527387,0
              78.882122503,29.963622564,0
              78.882622190,29.963908101,0
              78.882764958,29.964479171,0
              78.882741163,29.965026447,0
              78.882598396,29.965645107,0
              78.882645985,29.966144794,0
              78.882955315,29.966620686,0
              78.883312234,29.966953811,0
              78.883907099,29.967239346,0
              78.884406786,29.967405908,0
              78.884716116,29.967548676,0
              78.884882678,29.967620060,0
              78.885096830,29.967786622,0
              78.885548927,29.968119747,0
              78.886048614,29.968524255,0
              78.886976604,29.969285682,0
              78.887666648,29.970070905,0
              78.888142540,29.970760948,0
              78.888408235,29.971684983,0
              78.888967446,29.972275176,0
              78.889213297,29.972735901,0
              78.889705314,29.973080017,0
              78.889950930,29.973473534,0
              78.889968061,29.973490665,0
              78.890331644,29.973854248,0
              78.891093071,29.974401524,0
              78.891973472,29.974639470,0
              78.892972846,29.974806032,0
              78.894329138,29.975020182,0
              78.895126832,29.975158279,0
              78.895828199,29.975662638,0
              78.896327885,29.975995762,0
              78.897113108,29.976424065,0
              78.897874535,29.976804779,0
              78.899093628,29.977111816,0
              78.899659131,29.977114109,0
              78.900349175,29.977233082,0
              78.900753683,29.977399644,0
              78.901205781,29.977756564,0
              78.901491316,29.978089688,0
              78.902086182,29.978399018,0
              78.903156938,29.978708348,0
              78.903347296,29.979065267,0
              78.903537653,29.979707722,0
              78.903442474,29.980278792,0
              78.903156938,29.980849863,0
              78.903014171,29.981658880,0
              78.903513858,29.982705842,0
              78.904037339,29.983157940,0
              78.904846357,29.983824189,0
              78.905108097,29.984609410,0
              78.905322248,29.985394633,0
              78.905441221,29.986060882,0
              78.905631578,29.986536775,0
              78.905702961,29.986893694,0
              78.905702963,29.987226818,0
              78.905560194,29.987536148,0
              78.905536400,29.987845478,0
              78.905798140,29.988178603,0
              78.906250238,29.988464138,0
              78.907630325,29.989082798,0
              78.907939655,29.989320744,0
              78.908153807,29.989749047,0
              78.908320369,29.990439091,0
              78.908011039,29.991152929,0
              78.907868272,29.991152929,0
              78.907368585,29.991033956,0
              78.906916487,29.990724626,0
              78.906250238,29.990439091,0
              78.905655373,29.990558064,0
              78.905227070,29.990867394,0
              78.904893945,29.991557437,0
              78.905060508,29.993127882,0
              78.905155686,29.993627568,0
              78.905417427,29.994365201,0
              78.905496835,29.994562040,0
              78.905683986,29.995025956,0
              78.906036087,29.995911851,0
              78.906107470,29.996697073,0
              78.905917114,29.997244349,0
              78.905583989,29.997625063,0
              78.904822561,29.998029571,0
              78.904156312,29.998386491,0
              78.903606156,29.999234129,0
              78.903275912,30.000218675,0
              78.903275912,30.000980103,0
              78.903870777,30.001551174,0
              78.904394258,30.001908093,0
              78.904510962,30.001955972,0
              78.905322248,30.002288807,0
              78.906227557,30.002439692,0
              78.907606531,30.002669520,0
              78.908201396,30.002740904,0
              78.909129386,30.002788493,0
              78.910438089,30.002883672,0
              78.911746794,30.003050234,0
              78.912793756,30.003169207,0
              78.914649735,30.003240591,0
              78.918528258,30.003478537,0
              78.921835708,30.003835456,0
              78.924976597,30.004406527,0
              78.927594003,30.004763446,0
              78.930789329,30.005366759,0
              78.930996633,30.005405900,0
              78.933756807,30.005762820,0
              78.935208279,30.006500453,0
              78.936659750,30.007380853,0
              78.937254615,30.008285047,0
              78.937992248,30.009332011,0
              78.938587113,30.010164822,0
              78.941537645,30.012401516,0
              78.943274652,30.013638836,0
              78.944202641,30.014114728,0
              78.945106836,30.014709593,0
              78.945749291,30.015114101,0
              78.946463129,30.015423431,0
              78.947057994,30.015518610,0
              78.947819422,30.015637583,0
              78.948616028,30.015670776,0
              78.950270267,30.014780977,0
              78.950674775,30.014471647,0
              78.951793122,30.013781602,0
              78.953244593,30.013139149,0
              78.953948205,30.012920248,0
              78.955386108,30.012472900,0
              78.957075525,30.012330132,0
              78.958193872,30.012639462,0
              78.959264629,30.012663257,0
              78.961025430,30.012782230,0
              78.962191366,30.012615667,0
              78.963357302,30.012187364,0
              78.964761184,30.011759061,0
              78.966783726,30.011402142,0
              78.967230032,30.011402142,0
              78.968568322,30.011402142,0
              78.969277227,30.011569523,0
              78.970281534,30.011806651,0
              78.971614032,30.012425310,0
              78.972875146,30.013281916,0
              78.974683537,30.014352674,0
              78.976729873,30.015637583,0
              78.978452782,30.016722377,0
              78.978657236,30.016851108,0
              78.980275270,30.018231195,0
              78.981583974,30.018968828,0
              78.982416785,30.019206774,0
              78.984463121,30.019516104,0
              78.985605263,30.019706461,0
              78.987485037,30.020253737,0
              78.988865124,30.020896192,0
              78.989793114,30.021443468,0
              78.990840077,30.022062128,0
              78.993338511,30.023180474,0
              78.995027928,30.024179848,0
              78.995932123,30.025274400,0
              78.996618793,30.026410046,0
              78.997169443,30.027320736,0
              78.997788103,30.028843591,0
              78.998073639,30.030223679,0
              78.998104290,30.030460134,0
              78.998573325,30.034078406,0
              78.998620914,30.034982601,0
              78.998573325,30.036315099,0
              78.998549530,30.037314473,0
              78.998620914,30.038361435,0
              78.998782956,30.038876156,0
              78.999025423,30.039646344,0
              78.999738671,30.040674262,0
              78.999834439,30.040812280,0
              79.000833813,30.041169199,0
              79.001357294,30.041074021,0
              79.002213900,30.040431566,0
              79.002642203,30.040241210,0
              79.003665372,30.040241211,0
              79.004545772,30.040693307,0
              79.005212020,30.041240583,0
              79.005640324,30.041740270,0
              79.007662866,30.043191741,0
              79.008593130,30.043705472,0
              79.009257105,30.044072142,0
              79.010446836,30.044619418,0
              79.010803756,30.044904953,0
              79.011255852,30.045261872,0
              79.011612771,30.045713970,0
              79.011707950,30.046189862,0
              79.012112458,30.046832317,0
              79.012992859,30.047260620,0
              79.014420535,30.047926869,0
              79.015086784,30.048450350,0
              79.016443077,30.049211778,0
              79.017490040,30.049711464,0
              79.018013521,30.049997000,0
              79.019750528,30.050496687,0
              79.021939632,30.051162936,0
              79.022772444,30.051829185,0
              79.023676639,30.052804764,0
              79.024699806,30.054137262,0
              79.025063022,30.054761993,0
              79.025294672,30.055160430,0
              79.025708718,30.055567340,0
              79.026674760,30.056516723,0
              79.028292793,30.057468507,0
              79.029672880,30.058253729,0
              79.030815022,30.059086541,0
              79.032076137,30.060062120,0
              79.033170688,30.060775958,0
              79.035053545,30.061339056,0
              79.035716711,30.061537387,0
              79.036906442,30.061632563,0
              79.037834432,30.061442207,0
              79.038928984,30.060871137,0
              79.040118713,30.060133504,0
              79.041165677,30.059372076,0
              79.042712327,30.058515470,0
              79.044211388,30.057444713,0
              79.045995983,30.056445339,0
              79.047804373,30.055731501,0
              79.049588969,30.055422171,0
              79.051397359,30.055374582,0
              79.052334713,30.055408668,0
              79.052706062,30.055422171,0
              79.055109319,30.055398376,0
              79.057964672,30.055850474,0
              79.060463106,30.056564312,0
              79.063867541,30.056840347,0
              79.064865109,30.056921231,0
              79.066792472,30.056683285,0
              79.068600862,30.056588107,0
              79.070599610,30.056588107,0
              79.070681408,30.056587358,0
              79.073193222,30.056564312,0
              79.074549515,30.056183598,0
              79.076286522,30.055731501,0
              79.078332858,30.055636322,0
              79.079379821,30.055636322,0
              79.080069865,30.055636322,0
              79.080640935,30.055350787,0
              79.081307184,30.054993868,0
              79.083567672,30.054565565,0
              79.085685393,30.054422797,0
              79.087874497,30.054470386,0
              79.088931446,30.054405678,0
              79.090206369,30.054327619,0
              79.092942749,30.054042083,0
              79.094608371,30.053970700,0
              79.097344751,30.053851727,0
              79.097915822,30.053780343,0
              79.099557650,30.053566190,0
              79.100842559,30.053352040,0
              79.101746754,30.053233067,0
              79.102888896,30.053732754,0
              79.103840680,30.054636949,0
              79.104221394,30.056017036,0
              79.104792464,30.057587480,0
              79.106481882,30.059324487,0
              79.107457462,30.060038325,0
              79.109694154,30.062108456,0
              79.110427308,30.062841614,0
              79.111050447,30.063464749,0
              79.111954642,30.064202382,0
              79.113334729,30.065082783,0
              79.116499413,30.066581843,0
              79.118926462,30.067747779,0
              79.121805611,30.068675769,0
              79.124875115,30.069508580,0
              79.126969041,30.069437196,0
              79.127944620,30.068937509,0
              79.128468101,30.069223045,0
              79.129324707,30.069722731,0
              79.129681627,30.070745900,0
              79.129895778,30.072578085,0
              79.130205108,30.074553037,0
              79.130228903,30.075528616,0
              79.129491270,30.078169818,0
              79.129491270,30.079169192,0
              79.129538859,30.079573701,0
              79.129943367,30.079764057,0
              79.130237928,30.079866513,0
              79.130490642,30.079954414,0
              79.130728589,30.080430306,0
              79.130728589,30.081191734,0
              79.130633411,30.082214903,0
              79.130585823,30.083333248,0
              79.130582373,30.083383608,0
              79.130466849,30.085070255,0
              79.130300286,30.087235564,0
              79.129919573,30.089067749,0
              79.129990956,30.090376453,0
              79.130230969,30.091243168,0
              79.130419259,30.091923103,0
              79.130895152,30.092779709,0
              79.131371044,30.093802877,0
              79.131894525,30.095492294,0
              79.132132472,30.096515462,0
              79.132536980,30.098228674,0
              79.132893899,30.100084654,0
              79.133539411,30.101931541,0
              79.133750505,30.102535499,0
              79.134250192,30.103558667,0
              79.134511932,30.104343888,0
              79.135083003,30.105271879,0
              79.135701664,30.106485404,0
              79.136463090,30.108151027,0
              79.136867599,30.108793482,0
              79.137414875,30.109864239,0
              79.137629026,30.110744639,0
              79.138247686,30.111767807,0
              79.138937730,30.112553030,0
              79.139651568,30.113028922,0
              79.140151255,30.113338252,0
              79.140643944,30.114032444,0
              79.140526110,30.114085237,0
              79.139883655,30.114584924,0
              79.139312585,30.115155995,0
              79.138491671,30.115691373,0
              79.136992610,30.116262444,0
              79.136307326,30.117195193,0
              79.135736255,30.118337334,0
              79.135736255,30.118738715,0
              79.135736255,30.119251047,0
              79.135907576,30.119993439,0
              79.136021790,30.120964259,0
              79.136021790,30.121637691,0
              79.136021790,30.122106400,0
              79.136021790,30.123248542,0
              79.135736255,30.124676218,0
              79.135279398,30.125532824,0
              79.134879649,30.126389430,0
              79.134537007,30.127417357,0
              79.134479899,30.128445284,0
              79.134822542,30.129130569,0
              79.135279398,30.129758747,0
              79.135450721,30.130615353,0
              79.135507827,30.131414852,0
              79.135679148,30.132728314,0
              79.135679148,30.134384419,0
              79.135679148,30.135983417,0
              79.135165183,30.137582415,0
              79.134708328,30.138952984,0
              79.134651222,30.140666196,0
              79.134936756,30.142779158,0
              79.135507827,30.144892119,0
              79.136021790,30.146434010,0
              79.136707075,30.148147222,0
              79.137335253,30.149460684,0
              79.138523738,30.150659808,0
              79.139183564,30.151325530,0
              79.141047212,30.152658680,0
              79.141960925,30.153115536,0
              79.142646209,30.153629500,0
              79.143788351,30.154600320,0
              79.143938320,30.154736062,0
              79.144674928,30.155402776,0
              79.144930491,30.156941709,0
              79.144644957,30.157855422,0
              79.144130993,30.158426493,0
              79.143388602,30.158997564,0
              79.142075139,30.159797063,0
              79.141389854,30.160425240,0
              79.141618283,30.161910024,0
              79.141903818,30.162481095,0
              79.142132246,30.162937951,0
              79.142531996,30.163794557,0
              79.142703317,30.165165127,0
              79.142589103,30.166250161,0
              79.140361927,30.166821232,0
              79.138591608,30.166764124,0
              79.136307325,30.166764124,0
              79.134365685,30.166764124,0
              79.133451973,30.166821232,0
              79.132595367,30.167392302,0
              79.131624546,30.167963373,0
              79.130482405,30.168420229,0
              79.129111835,30.169105514,0
              79.127627052,30.170190548,0
              79.127284409,30.171161368,0
              79.127284409,30.172931687,0
              79.127512838,30.174930435,0
              79.128026801,30.177328931,0
              79.127708563,30.178874668,0
              79.127627052,30.179270572,0
              79.127227302,30.179727428,0
              79.126656232,30.179898749,0
              79.125114341,30.179556107,0
              79.124200628,30.179499000,0
              79.122887165,30.180012963,0
              79.122854695,30.180036414,0
            </coordinates>
          </LinearRing>
        </outerBoundaryIs>
      </Polygon>
      </MultiGeometry>
    </Placemark>
    <Placemark>
      <description>Song River Watershed

WATERSHED AREA : </description>
      <name>Song River Watershed</name>
      <styleUrl>#area9</styleUrl>
      <MultiGeometry>
      <Point>
      <coordinates>78.140235273,30.258947797,0</coordinates>
      </Point>
      <Polygon>
        <outerBoundaryIs>
          <LinearRing>
            <coordinates>
              78.291311662,30.405974290,0
              78.290980240,30.406885697,0
              78.290659012,30.407777994,0
              78.290373477,30.408456141,0
              78.289945174,30.409062903,0
              78.289481179,30.409669666,0
              78.289017185,30.410240737,0
              78.288660265,30.410633348,0
              78.288169861,30.411237717,0
              78.287375356,30.411882565,0
              78.285911988,30.412917630,0
              78.285198149,30.413488701,0
              78.284020316,30.414166847,0
              78.283020943,30.414630842,0
              78.282021569,30.415059145,0
              78.281414806,30.415237605,0
              78.278579712,30.415981293,0
              78.273288918,30.417369148,0
              78.272436163,30.416689836,0
              78.271008487,30.416225842,0
              78.270187573,30.415904614,0
              78.267938982,30.415155084,0
              78.267519722,30.415040129,0
              78.266686960,30.414811793,0
              78.265726084,30.414548322,0
              78.265628681,30.414532466,0
              78.265487428,30.414509472,0
              78.265277770,30.414475342,0
              78.264191331,30.414298478,0
              78.262585195,30.414227094,0
              78.262144899,30.414406933,0
              78.261977419,30.414475341,0
              78.260051069,30.415262160,0
              78.259323965,30.415575219,0
              78.253400476,30.417974745,0
              78.249370875,30.419312870,0
              78.248522581,30.419759341,0
              78.245177124,30.421739306,0
              78.245070617,30.421802343,0
              78.242692901,30.423209560,0
              78.239361656,30.426064913,0
              78.237233253,30.427445547,0
              78.234959653,30.428920266,0
              78.231985327,30.431061781,0
              78.228698730,30.433380127,0
              78.228004456,30.433952332,0
              78.226913452,30.434223175,0
              78.225959777,30.434652328,0
              78.224998474,30.435039520,0
              78.223983766,30.435636520,0
              78.223236083,30.436073303,0
              78.220894448,30.437718756,0
              78.219970703,30.438367844,0
              78.218620300,30.439157486,0
              78.217803955,30.439529419,0
              78.217254639,30.439828873,0
              78.214546204,30.440591812,0
              78.211486816,30.442043304,0
              78.208732605,30.443216324,0
              78.205978394,30.444034576,0
              78.204559326,30.445018768,0
              78.204093933,30.445173264,0
              78.203514099,30.445365906,0
              78.202248373,30.445540931,0
              78.201581996,30.445633073,0
              78.201431274,30.445653915,0
              78.198509216,30.446876526,0
              78.197532653,30.447286606,0
              78.193817139,30.448766708,0
              78.192344666,30.448928833,0
              78.190048219,30.449035645,0
              78.188194379,30.449253219,0
              78.187675475,30.449314117,0
              78.187316895,30.449377060,0
              78.186312024,30.449556253,0
              78.185134888,30.449766159,0
              78.184485089,30.449665799,0
              78.183677673,30.449541092,0
              78.181480408,30.448480606,0
              78.177497864,30.446834564,0
              78.174224854,30.445297241,0
              78.173225404,30.444868088,0
              78.171928406,30.444452286,0
              78.170890808,30.444583893,0
              78.168914795,30.445283890,0
              78.163665771,30.447643280,0
              78.159629822,30.449876785,0
              78.155334473,30.453548431,0
              78.153953552,30.454492569,0
              78.153244019,30.454866409,0
              78.152717590,30.454864502,0
              78.152145385,30.454862595,0
              78.151168823,30.454414368,0
              78.150413512,30.453811646,0
              78.148594188,30.452532134,0
              78.147636414,30.451858521,0
              78.146189208,30.451454061,0
              78.141058083,30.451080969,0
              78.140395720,30.451023378,0
              78.137117696,30.450738327,0
              78.134038423,30.451695595,0
              78.133650023,30.451816333,0
              78.132572856,30.452175972,0
              78.130379062,30.452908395,0
              78.128665850,30.453650787,0
              78.127809243,30.454735820,0
              78.126724210,30.455763748,0
              78.125753390,30.455992176,0
              78.125016303,30.455894831,0
              78.122726715,30.455592426,0
              78.121258963,30.455512307,0
              78.120586614,30.455475600,0
              78.118349078,30.455353456,0
              78.116730474,30.455192677,0
              78.116527055,30.455179841,0
              78.114280701,30.455038071,0
              78.112390337,30.454278964,0
              78.109820519,30.454164750,0
              78.107764664,30.454164750,0
              78.107733888,30.454176693,0
              78.105560269,30.455020210,0
              78.103020010,30.457065195,0
              78.101768494,30.458072662,0
              78.101606438,30.458149469,0
              78.099426270,30.459182739,0
              78.098281859,30.459480286,0
              78.096977234,30.459672928,0
              78.095405140,30.458528693,0
              78.095372432,30.458504887,0
              78.092641904,30.455774360,0
              78.092631292,30.455763748,0
              78.090975188,30.453536573,0
              78.090466181,30.452434239,0
              78.090076381,30.451590051,0
              78.090049744,30.451532364,0
              78.089981433,30.451250287,0
              78.089828491,30.450618744,0
              78.089992150,30.450011661,0
              78.090110779,30.449571609,0
              78.089889969,30.447300532,0
              78.089721089,30.445563584,0
              78.089578345,30.444095407,0
              78.089515686,30.443450928,0
              78.088978853,30.442369971,0
              78.088813782,30.442037582,0
              78.088569641,30.440961838,0
              78.088615417,30.439542770,0
              78.088620303,30.438944288,0
              78.088623047,30.438608170,0
              78.088630676,30.438026429,0
              78.088821411,30.434421539,0
              78.088837414,30.434051470,0
              78.088912964,30.432304382,0
              78.088516235,30.430105209,0
              78.088127087,30.428908993,0
              78.087974548,30.428440094,0
              78.087448120,30.427122116,0
              78.087341309,30.426862717,0
              78.087226868,30.426584244,0
              78.087104797,30.426254272,0
              78.086822203,30.425232587,0
              78.086807251,30.425178528,0
              78.086906433,30.423877716,0
              78.087150574,30.422903061,0
              78.087181091,30.422599792,0
              78.087692261,30.421636582,0
              78.088745117,30.420585632,0
              78.088829041,30.420494081,0
              78.089515686,30.420019150,0
              78.091003418,30.419727325,0
              78.091339111,30.419662476,0
              78.092788697,30.419372559,0
              78.093559265,30.418968201,0
              78.094436646,30.418338776,0
              78.094802856,30.416927338,0
              78.094757079,30.414709091,0
              78.094879150,30.412361145,0
              78.094894409,30.412338257,0
              78.095342947,30.411267453,0
              78.095436096,30.411045074,0
              78.096168518,30.409690857,0
              78.096435547,30.408878326,0
              78.096710205,30.405229568,0
              78.096405028,30.401821136,0
              78.096366882,30.401521683,0
              78.096191405,30.400003433,0
              78.095649719,30.398195267,0
              78.095329285,30.397420883,0
              78.094955444,30.397157669,0
              78.089637756,30.393335342,0
              78.088728885,30.392700958,0
              78.086495218,30.391141830,0
              78.086189270,30.390928268,0
              78.078462274,30.385746709,0
              78.073037103,30.381558857,0
              78.069039609,30.378608326,0
              78.067212534,30.377245270,0
              78.066041488,30.376371632,0
              78.062234350,30.374943956,0
              78.060188014,30.374515653,0
              78.058980177,30.374519945,0
              78.058870963,30.374274861,0
              78.058633241,30.373898568,0
              78.058015563,30.373063195,0
              78.057781827,30.372776015,0
              78.057590676,30.372591886,0
              78.057268336,30.372336467,0
              78.057004199,30.372187723,0
              78.056751594,30.372083485,0
              78.056302628,30.371954662,0
              78.056090568,30.371915353,0
              78.055953931,30.371902667,0
              78.055513303,30.371907926,0
              78.055107104,30.371977684,0
              78.054753329,30.372006147,0
              78.054463982,30.371997561,0
              78.054057778,30.371950332,0
              78.053811815,30.371949716,0
              78.053058428,30.372061006,0
              78.052738833,30.372134207,0
              78.052426569,30.372246319,0
              78.051852166,30.372499296,0
              78.051643878,30.372568277,0
              78.051510935,30.372599869,0
              78.051341768,30.372614968,0
              78.051125027,30.372609519,0
              78.050716526,30.372569662,0
              78.050369283,30.372512986,0
              78.049950584,30.372414487,0
              78.049647371,30.372288039,0
              78.049424665,30.372162573,0
              78.049091481,30.371946544,0
              78.048768125,30.371694241,0
              78.048512489,30.371534336,0
              78.048180430,30.371377683,0
              78.047699615,30.371185614,0
              78.047174750,30.370908454,0
              78.046840596,30.370677904,0
              78.046647461,30.370513224,0
              78.046519270,30.370377301,0
              78.046389558,30.370176246,0
              78.046380742,30.370164751,0
              78.044797492,30.367946181,0
              78.044226421,30.367089575,0
              78.043084281,30.365519131,0
              78.042291125,30.364499362,0
              78.042084907,30.364234222,0
              78.040907337,30.362652755,0
              78.039685127,30.361682850,0
              78.038265879,30.360366675,0
              78.036160048,30.359237354,0
              78.035965098,30.359163088,0
              78.034660988,30.358666283,0
              78.032376705,30.357738293,0
              78.030163806,30.356524768,0
              78.028521978,30.355525395,0
              78.025880777,30.354240486,0
              78.024827672,30.352445431,0
              78.024528503,30.352298737,0
              78.022682190,30.350229263,0
              78.019340514,30.346075058,0
              78.016380310,30.342210770,0
              78.016288757,30.342096329,0
              78.015998840,30.341251373,0
              78.014961243,30.339874268,0
              78.012996201,30.337216083,0
              78.011917114,30.335756302,0
              78.011009216,30.333917618,0
              78.010879517,30.332616806,0
              78.010757446,30.331394196,0
              78.010437011,30.329595566,0
              78.010513306,30.327920914,0
              78.010231018,30.323234558,0
              78.010253906,30.322513580,0
              78.010192871,30.321811677,0
              78.009277344,30.315643311,0
              78.007904053,30.310556412,0
              78.007362366,30.309635162,0
              78.005867004,30.304199219,0
              78.005775452,30.303661346,0
              78.005180359,30.301902771,0
              78.004592895,30.300142288,0
              78.003372192,30.297855377,0
              78.002342224,30.295974731,0
              78.001281737,30.294057846,0
              78.000541687,30.292648315,0
              77.999542236,30.289648056,0
              77.999404907,30.289487839,0
              77.995506287,30.283580780,0
              77.992507935,30.278268814,0
              77.992003088,30.277589764,0
              77.990544755,30.275628215,0
              77.989418030,30.274112701,0
              77.987586975,30.270082474,0
              77.985794066,30.266704559,0
              77.985126299,30.265151019,0
              77.984397888,30.263456345,0
              77.983078003,30.261732101,0
              77.980552673,30.259582520,0
              77.979783278,30.258076507,0
              77.979522705,30.257566452,0
              77.978880079,30.255696514,0
              77.978210449,30.253747940,0
              77.977485657,30.251165390,0
              77.977058411,30.250123978,0
              77.976979064,30.249931355,0
              77.976801828,30.249501090,0
              77.976652531,30.249386490,0
              77.974220276,30.248680115,0
              77.971770711,30.247273357,0
              77.970367951,30.246736437,0
              77.969344782,30.246308135,0
              77.968392999,30.245713269,0
              77.967794137,30.244989048,0
              77.965620669,30.243740339,0
              77.964942932,30.243350983,0
              77.963821411,30.242706299,0
              77.963073730,30.242752075,0
              77.962699890,30.242778778,0
              77.963712308,30.242638181,0
              77.962709578,30.241296469,0
              77.961860371,30.240160153,0
              77.961746216,30.240007401,0
              77.960929871,30.238489151,0
              77.960624695,30.237287521,0
              77.960594177,30.236385345,0
              77.960281372,30.235431671,0
              77.959785461,30.234821320,0
              77.959114075,30.234056473,0
              77.958555303,30.233269808,0
              77.957831577,30.232627484,0
              77.957260506,30.232294360,0
              77.956522873,30.231794673,0
              77.956475284,30.231128424,0
              77.956689435,30.230462175,0
              77.957176932,30.230079729,0
              77.957257421,30.230012758,0
              77.957932131,30.229451360,0
              77.960029602,30.228538513,0
              77.960151672,30.228498459,0
              77.961540222,30.228025436,0
              77.962837219,30.227155685,0
              77.964126587,30.224294662,0
              77.964775085,30.223909378,0
              77.965343853,30.223701515,0
              77.966575623,30.223251343,0
              77.967979431,30.222387314,0
              77.969131470,30.220617294,0
              77.969886780,30.220235825,0
              77.971427917,30.220569611,0
              77.972465515,30.220645905,0
              77.973556519,30.220569611,0
              77.974221571,30.220024339,0
              77.974266052,30.219987869,0
              77.974494934,30.219810486,0
              77.975852966,30.218776703,0
              77.976112366,30.217882156,0
              77.975784302,30.217378616,0
              77.974113464,30.215593338,0
              77.974197388,30.214746475,0
              77.974983215,30.213466644,0
              77.975593567,30.212766647,0
              77.976051331,30.212242126,0
              77.976974486,30.212001801,0
              77.977096558,30.211969376,0
              77.978042603,30.211044312,0
              77.980201721,30.208049774,0
              77.982185364,30.207096099,0
              77.982955933,30.206394196,0
              77.983253479,30.206123352,0
              77.983818163,30.205657488,0
              77.984016419,30.205493927,0
              77.984512328,30.204307556,0
              77.986439043,30.201953496,0
              77.988592342,30.199700725,0
              77.989120483,30.198524475,0
              77.992279052,30.194704056,0
              77.992668152,30.193958282,0
              77.993022928,30.193270744,0
              77.993682861,30.191991806,0
              77.994415283,30.191001892,0
              77.995749647,30.189198859,0
              77.996261597,30.188507080,0
              78.000152588,30.183956146,0
              78.002273560,30.180349350,0
              78.002544323,30.179933846,0
              78.003929138,30.177808762,0
              78.005332947,30.175910950,0
              78.006698607,30.174203873,0
              78.008941650,30.170236588,0
              78.010437013,30.167417526,0
              78.011390144,30.165088657,0
              78.011650085,30.164453507,0
              78.011856079,30.163942337,0
              78.012878418,30.160274506,0
              78.013609968,30.158173273,0
              78.014653105,30.154936932,0
              78.014986230,30.154246889,0
              78.015271765,30.153580640,0
              78.015503840,30.153092635,0
              78.015700068,30.152438498,0
              78.015823363,30.151620865,0
              78.016143799,30.150325775,0
              78.015823364,30.148605347,0
              78.016021730,30.148052216,0
              78.016029358,30.148040771,0
              78.017425537,30.146331787,0
              78.019160328,30.144218462,0
              78.019165039,30.144212723,0
              78.021286011,30.141611099,0
              78.021728516,30.141120911,0
              78.023231506,30.139429092,0
              78.026504517,30.135536194,0
              78.027463519,30.134187177,0
              78.027587892,30.134012222,0
              78.027748108,30.133457184,0
              78.027931213,30.132827759,0
              78.028007507,30.131387711,0
              78.028137207,30.131179810,0
              78.028602600,30.130449295,0
              78.029335022,30.128837585,0
              78.029586792,30.127811432,0
              78.029678345,30.125829697,0
              78.029968262,30.124561310,0
              78.030677795,30.122753143,0
              78.031455994,30.121683121,0
              78.032577515,30.120761871,0
              78.033500671,30.120273590,0
              78.033760071,30.120136261,0
              78.033828735,30.119810104,0
              78.033752441,30.119554520,0
              78.033660888,30.119237900,0
              78.033653259,30.118259430,0
              78.033866882,30.117582321,0
              78.033897400,30.117477418,0
              78.033905029,30.117286682,0
              78.033752441,30.117048264,0
              78.033279419,30.116323471,0
              78.033012390,30.115636826,0
              78.033256531,30.113849640,0
              78.033348082,30.112983704,0
              78.033973694,30.111745834,0
              78.035301208,30.110309601,0
              78.035797119,30.109424591,0
              78.036201477,30.108455658,0
              78.036888123,30.107494354,0
              78.037055969,30.107227325,0
              78.037277222,30.106878281,0
              78.037498474,30.105796814,0
              78.037406921,30.104816437,0
              78.037384033,30.104461670,0
              78.037445068,30.104177475,0
              78.037452698,30.104139328,0
              78.037841796,30.103820801,0
              78.038345337,30.103586197,0
              78.039741516,30.103103638,0
              78.040283203,30.102653503,0
              78.040618896,30.101827621,0
              78.040824890,30.101306915,0
              78.041374207,30.100585938,0
              78.042083740,30.099840164,0
              78.042877197,30.099559784,0
              78.045028687,30.098821640,0
              78.045501709,30.098560333,0
              78.045524597,30.098522186,0
              78.045890808,30.097969055,0
              78.047012329,30.096094131,0
              78.047256470,30.095310211,0
              78.047798157,30.092771530,0
              78.048233032,30.091991425,0
              78.048583984,30.091728210,0
              78.048630033,30.091714566,0
              78.048789978,30.091667175,0
              78.049621582,30.091426849,0
              78.052261353,30.091104507,0
              78.054382324,30.090095520,0
              78.055877686,30.089519501,0
              78.055924855,30.089501206,0
              78.056915283,30.089117051,0
              78.058403015,30.088499069,0
              78.059257507,30.088058472,0
              78.059844971,30.087173462,0
              78.060218811,30.086147308,0
              78.061080933,30.084457397,0
              78.061698914,30.083738327,0
              78.063095093,30.083091736,0
              78.064666748,30.082664490,0
              78.065406799,30.082109451,0
              78.065704346,30.081380844,0
              78.066223145,30.079847335,0
              78.066528320,30.079301834,0
              78.066780090,30.078853607,0
              78.067428589,30.078216553,0
              78.068351746,30.077501297,0
              78.069465637,30.076902390,0
              78.069770813,30.076576233,0
              78.069885254,30.076450348,0
              78.069908143,30.075824738,0
              78.069084167,30.075071335,0
              78.068641663,30.074247360,0
              78.068534851,30.073539734,0
              78.068733215,30.073028564,0
              78.068795913,30.072946709,0
              78.068939209,30.072759628,0
              78.069160461,30.072467804,0
              78.069839478,30.071613312,0
              78.071250916,30.070503235,0
              78.072120667,30.069627763,0
              78.072525024,30.068494797,0
              78.072715759,30.066299438,0
              78.073204042,30.063619614,0
              78.073867798,30.062139511,0
              78.074272156,30.061254501,0
              78.074386597,30.060659409,0
              78.074005127,30.059833527,0
              78.072975159,30.058643341,0
              78.072860718,30.058233261,0
              78.072921753,30.057338715,0
              78.072929382,30.057012558,0
              78.076911703,30.056892431,0
              78.079767056,30.056773458,0
              78.082503436,30.056713972,0
              78.085239816,30.056713972,0
              78.087738250,30.056832945,0
              78.089463359,30.057011404,0
              78.090593603,30.057189864,0
              78.091842820,30.057427810,0
              78.093211010,30.058022675,0
              78.094757660,30.058617541,0
              78.096304310,30.059033946,0
              78.098088905,30.059033946,0
              78.099576069,30.058677027,0
              78.101063232,30.057725243,0
              78.101666233,30.057379340,0
              78.103277339,30.056455134,0
              78.104225159,30.056133270,0
              78.107643127,30.055406570,0
              78.109469794,30.054977062,0
              78.110466003,30.054742813,0
              78.112380981,30.054296494,0
              78.116294861,30.054023743,0
              78.119018555,30.054136276,0
              78.121360779,30.054603576,0
              78.122375488,30.055044174,0
              78.123218998,30.055413975,0
              78.123428345,30.055505753,0
              78.126907349,30.058288574,0
              78.128540039,30.060144424,0
              78.130718469,30.062041050,0
              78.134078252,30.065517978,0
              78.135291058,30.066245663,0
              78.135565416,30.066410275,0
              78.137587958,30.066648222,0
              78.138956148,30.066886168,0
              78.140800231,30.066886168,0
              78.142584826,30.066886168,0
              78.144012504,30.066826681,0
              78.145618639,30.066469762,0
              78.146530563,30.065917086,0
              78.147581694,30.065280031,0
              78.149544750,30.064387734,0
              78.151031913,30.063792868,0
              78.151864724,30.063198003,0
              78.152816509,30.062305705,0
              78.153589833,30.061115975,0
              78.154195228,30.059938184,0
              78.155076996,30.058558054,0
              78.156951925,30.057155216,0
              78.159454346,30.054548264,0
              78.160430784,30.054512970,0
              78.161144622,30.054691430,0
              78.161977434,30.054750917,0
              78.163821516,30.054750917,0
              78.166141490,30.054453484,0
              78.167985573,30.053858619,0
              78.169532222,30.053442212,0
              78.171316819,30.052430942,0
              78.172744495,30.051657617,0
              78.172958263,30.051558367,0
              78.174410117,30.050884292,0
              78.176194713,30.050527373,0
              78.178098282,30.050110968,0
              78.178685243,30.049922230,0
              78.180379151,30.049377538,0
              78.186307421,30.047553047,0
              78.188329964,30.046839209,0
              78.190709425,30.045887424,0
              78.192315561,30.045352046,0
              78.194457076,30.044876153,0
              78.195230401,30.044459748,0
              78.195706293,30.043745909,0
              78.195793697,30.043408792,0
              78.195986361,30.042665686,0
              78.196261436,30.041550496,0
              78.196294947,30.040361710,0
              78.196003726,30.039343906,0
              78.196003726,30.038451609,0
              78.196420132,30.037499824,0
              78.197312430,30.036904959,0
              78.197779012,30.036632787,0
              78.198026268,30.036488553,0
              78.198621133,30.036012661,0
              78.199156512,30.035417796,0
              78.199453944,30.034941904,0
              78.199632404,30.033990119,0
              78.199751377,30.032978848,0
              78.199394457,30.031432199,0
              78.198859080,30.030064009,0
              78.198264214,30.028933765,0
              78.197788322,30.027744034,0
              78.197431402,30.026435331,0
              78.197193456,30.024769708,0
              78.197371916,30.023817924,0
              78.197609862,30.023520491,0
              78.197847808,30.023342031,0
              78.203815973,30.022920867,0
              78.204151327,30.022920869,0
              78.206135947,30.022920867,0
              78.206774070,30.022915420,0
              78.210311901,30.022885174,0
              78.213928682,30.022885174,0
              78.216129683,30.022885175,0
              78.219877334,30.022885175,0
              78.224041391,30.022468769,0
              78.228859799,30.021576471,0
              78.231774639,30.021041092,0
              78.235046398,30.020505714,0
              78.238517761,30.019834518,0
              78.241610462,30.020830148,0
              78.243374511,30.021398012,0
              78.244389112,30.022146668,0
              78.248710632,30.025335312,0
              78.251369499,30.030915856,0
              78.252220160,30.032319462,0
              78.253138395,30.033834534,0
              78.247727500,30.037872360,0
              78.247330709,30.038469088,0
              78.246002197,30.041599274,0
              78.245712280,30.043762208,0
              78.245681763,30.045980453,0
              78.245819092,30.048004150,0
              78.246147156,30.051425934,0
              78.246513367,30.054309845,0
              78.247367859,30.057958602,0
              78.248382568,30.060806274,0
              78.249000549,30.061723709,0
              78.249359131,30.062997818,0
              78.249389648,30.064899446,0
              78.249771118,30.066467285,0
              78.249832153,30.067321777,0
              78.249893188,30.068204880,0
              78.250015259,30.069786072,0
              78.249986224,30.071840266,0
              78.249984741,30.071945190,0
              78.249977112,30.072198868,0
              78.249427795,30.076623917,0
              78.249389648,30.078157425,0
              78.249664307,30.079383850,0
              78.249862671,30.080190659,0
              78.249965365,30.081376236,0
              78.250076294,30.082656860,0
              78.250038147,30.083347321,0
              78.249855043,30.086576462,0
              78.249916077,30.090427399,0
              78.249763489,30.091838837,0
              78.249343872,30.093048096,0
              78.248321533,30.095792770,0
              78.248245239,30.095998764,0
              78.247192383,30.097560883,0
              78.246702729,30.098125610,0
              78.245574951,30.099426270,0
              78.244300842,30.100643158,0
              78.242195129,30.102794647,0
              78.241844178,30.103321075,0
              78.240821838,30.104715347,0
              78.240180969,30.105701447,0
              78.239257813,30.107618332,0
              78.238944918,30.108265112,0
              78.238632202,30.108911514,0
              78.237373352,30.110662460,0
              78.236358643,30.112028122,0
              78.235603333,30.113939285,0
              78.234580993,30.115379333,0
              78.233673096,30.116653442,0
              78.232780457,30.118511200,0
              78.231315614,30.121866226,0
              78.230674744,30.123708725,0
              78.230651855,30.123741150,0
              78.230018616,30.125011444,0
              78.229786416,30.125820827,0
              78.229087830,30.128255844,0
              78.228782654,30.130149841,0
              78.228660583,30.131536484,0
              78.228469849,30.134141922,0
              78.228431702,30.135505676,0
              78.229019165,30.137758255,0
              78.229286194,30.138788223,0
              78.229461669,30.139450073,0
              78.229504907,30.139621992,0
              78.229621887,30.140087128,0
              78.229804993,30.140701293,0
              78.231140137,30.144191742,0
              78.232307434,30.147529602,0
              78.232604980,30.148803711,0
              78.232734680,30.150438309,0
              78.233200074,30.153690338,0
              78.234039307,30.156877518,0
              78.235443115,30.160877228,0
              78.236160278,30.163330078,0
              78.236610413,30.165412903,0
              78.236694336,30.168409348,0
              78.236816406,30.169876099,0
              78.236903652,30.171248657,0
              78.236923218,30.171556473,0
              78.236938477,30.171731949,0
              78.236694336,30.173383713,0
              78.235961914,30.176340103,0
              78.234985352,30.179149628,0
              78.234138489,30.182567596,0
              78.233558655,30.185163498,0
              78.233215332,30.187326431,0
              78.233283997,30.188764572,0
              78.233634949,30.190380096,0
              78.234092712,30.192119598,0
              78.234962463,30.194063187,0
              78.235771179,30.195447922,0
              78.237121582,30.197326660,0
              78.237458193,30.197679586,0
              78.241836913,30.200378687,0
              78.245227645,30.201627904,0
              78.248796836,30.202520202,0
              78.251295270,30.202936607,0
              78.254626516,30.203471986,0
              78.256292138,30.203888391,0
              78.257834639,30.204559457,0
              78.257533941,30.205595193,0
              78.257533942,30.206844410,0
              78.258203688,30.208573205,0
              78.259259050,30.209461817,0
              78.260270321,30.209640276,0
              78.260368424,30.209771081,0
              78.260805700,30.210354115,0
              78.260805700,30.211246413,0
              78.261154578,30.212275970,0
              78.262181842,30.213167900,0
              78.263136804,30.213997052,0
              78.265148216,30.215113037,0
              78.265921541,30.215469956,0
              78.267111271,30.216005335,0
              78.268360488,30.216659686,0
              78.269847652,30.217611471,0
              78.270442517,30.218265823,0
              78.270858923,30.218801201,0
              78.271394301,30.219098634,0
              78.271885065,30.219324683,0
              78.272313368,30.219324683,0
              78.272741671,30.219324683,0
              78.273241358,30.219396067,0
              78.274026580,30.219860061,0
              78.274597651,30.220395440,0
              78.275025954,30.220788051,0
              78.275324941,30.220937546,0
              78.275811176,30.221180662,0
              78.276774857,30.221323430,0
              78.277274544,30.221287738,0
              78.278166842,30.220930819,0
              78.278666528,30.220895127,0
              78.279416059,30.220895127,0
              78.279918334,30.220938804,0
              78.280236973,30.220966511,0
              78.280950812,30.221073587,0
              78.281700342,30.221323430,0
              78.282995265,30.221666596,0
              78.283556321,30.222144344,0
              78.283680693,30.222190165,0
              78.284234468,30.222394187,0
              78.285019690,30.222501264,0
              78.285947680,30.222679723,0
              78.287446740,30.223357869,0
              78.288184524,30.223874319,0
              78.288517498,30.224107399,0
              78.289302720,30.224714162,0
              78.290873164,30.225999071,0
              78.291658387,30.226534450,0
              78.292336532,30.227069828,0
              78.293442982,30.227890742,0
              78.294370972,30.228747348,0
              78.295655881,30.229782414,0
              78.297070339,30.230824386,0
              78.298290718,30.232320391,0
              78.298302129,30.232339248,0
              78.298511234,30.233280222,0
              78.298475543,30.233672833,0
              78.298154315,30.234458055,0
              78.298047239,30.235064817,0
              78.298082931,30.236028499,0
              78.298404158,30.236920797,0
              78.298868153,30.237884479,0
              78.299117996,30.238883852,0
              78.299367840,30.239954610,0
              78.299724759,30.241168135,0
              78.299974602,30.242381660,0
              78.300438597,30.243916412,0
              78.300836568,30.244778682,0
              78.300866900,30.244844402,0
              78.301509355,30.245379781,0
              78.302187501,30.245701009,0
              78.302829955,30.245879468,0
              78.305185507,30.245798597,0
              78.305694580,30.245792389,0
              78.307243347,30.245071411,0
              78.308539568,30.244143186,0
              78.309432960,30.243880720,0
              78.310256630,30.243852317,0
              78.310468025,30.243845028,0
              78.311146172,30.244201948,0
              78.311824318,30.244808710,0
              78.312480738,30.245356986,0
              78.313251995,30.245879468,0
              78.314001525,30.246343462,0
              78.314429827,30.246700382,0
              78.314751056,30.247414220,0
              78.314929515,30.248020982,0
              78.315000899,30.248520669,0
              78.315000899,30.249270199,0
              78.315036590,30.249841270,0
              78.315110042,30.250714665,0
              78.315215050,30.251625866,0
              78.315500585,30.252375396,0
              78.316071656,30.252982159,0
              78.316714111,30.253767381,0
              78.317356565,30.254374143,0
              78.317927636,30.254695370,0
              78.318534399,30.254838138,0
              78.319319620,30.254873830,0
              78.320925756,30.254588295,0
              78.321639595,30.254588295,0
              78.322781736,30.254445527,0
              78.323424190,30.254338451,0
              78.323852493,30.254445527,0
              78.323995260,30.254945214,0
              78.323995261,30.255587668,0
              78.323995261,30.256551350,0
              78.323745418,30.258335946,0
              78.323459882,30.261262683,0
              78.323388499,30.262547592,0
              78.323317115,30.263368506,0
              78.323231069,30.263992922,0
              78.323056724,30.264411647,0
              78.321864567,30.267274763,0
              78.321487382,30.267747270,0
              78.320327759,30.268997192,0
              78.319771190,30.269630698,0
              78.317677792,30.272541328,0
              78.316642727,30.273933313,0
              78.316000272,30.274682843,0
              78.315607661,30.275325298,0
              78.314822439,30.276431747,0
              78.314358444,30.277288353,0
              78.313858757,30.278144959,0
              78.313712965,30.278494861,0
              78.313501838,30.279001565,0
              78.313501838,30.279929555,0
              78.313787373,30.280893236,0
              78.314215677,30.281464307,0
              78.315036590,30.282642140,0
              78.315607661,30.283534438,0
              78.316178732,30.284855039,0
              78.316214424,30.286032872,0
              78.316071656,30.286853786,0
              78.315643353,30.288067311,0
              78.314679671,30.289887599,0
              78.314465520,30.290565745,0
              78.314019345,30.291260554,0
              78.313858757,30.291779270,0
              78.313501838,30.292243265,0
              78.313002150,30.292850028,0
              78.312645232,30.293278331,0
              78.312324005,30.293849401,0
              78.312466773,30.294491856,0
              78.312859384,30.294706007,0
              78.313430455,30.294813083,0
              78.314144293,30.294813083,0
              78.315036590,30.294741699,0
              78.315893196,30.294920159,0
              78.316714110,30.295348462,0
              78.316762898,30.295535481,0
              78.316928262,30.296169376,0
              78.317035338,30.296847522,0
              78.316821186,30.297418593,0
              78.316250116,30.298346583,0
              78.315679045,30.299203189,0
              78.314429828,30.299917027,0
              78.313430454,30.300309639,0
              78.312324005,30.300809325,0
              78.311110480,30.301166244,0
              78.310004030,30.301344704,0
              78.307933899,30.302629613,0
              78.307220062,30.303164991,0
              78.306791758,30.303628986,0
              78.306042228,30.303807446,0
              78.304971470,30.304057289,0
              78.304257632,30.304164365,0
              78.303329642,30.304521284,0
              78.302044733,30.304771127,0
              78.299974602,30.305020971,0
              78.298297082,30.305092355,0
              78.297333401,30.305449274,0
              78.296703809,30.305946321,0
              78.296655254,30.305984653,0
              78.296405411,30.306555723,0
              78.296405411,30.307233870,0
              78.296405411,30.307804940,0
              78.296334027,30.308554469,0
              78.295870032,30.309446768,0
              78.295191886,30.310339066,0
              78.294121128,30.311623975,0
              78.293657133,30.312659041,0
              78.292800527,30.313694106,0
              78.292443608,30.314193793,0
              78.292122381,30.314979015,0
              78.291694078,30.315799929,0
              78.291515618,30.316335308,0
              78.291372851,30.316906379,0
              78.291388761,30.317192749,0
              78.291408543,30.317548833,0
              78.291594633,30.318256253,0
              78.292549133,30.319391251,0
              78.293472290,30.320293427,0
              78.295001330,30.321843316,0
              78.296596803,30.323806828,0
              78.297226325,30.324187529,0
              78.297583244,30.325008443,0
              78.298190007,30.325793665,0
              78.298404158,30.326400428,0
              78.298404158,30.327007191,0
              78.298311910,30.327247036,0
              78.298225699,30.327471185,0
              78.297975855,30.328042256,0
              78.297583244,30.328541943,0
              78.297047865,30.329184397,0
              78.296334027,30.330219463,0
              78.295406037,30.331504372,0
              78.294370972,30.332610822,0
              78.294085436,30.333324660,0
              78.294014052,30.334609568,0
              78.294014052,30.334930121,0
              78.294014052,30.335894477,0
              78.294014052,30.336965235,0
              78.294299588,30.337928917,0
              78.294549431,30.339071058,0
              78.294692200,30.340070431,0
              78.294906350,30.341283957,0
              78.295227578,30.342319022,0
              78.295227578,30.343461163,0
              78.295049118,30.344924532,0
              78.294763583,30.346816203,0
              78.294727891,30.349064794,0
              78.294620815,30.350599546,0
              78.294406664,30.352455526,0
              78.294406664,30.353633359,0
              78.294763583,30.354704117,0
              78.295263269,30.355132420,0
              78.295834340,30.355489339,0
              78.296548178,30.356167485,0
              78.297095344,30.357002866,0
              78.297511860,30.357702238,0
              78.298118623,30.358380384,0
              78.298903845,30.358844379,0
              78.299974602,30.359236990,0
              78.301973349,30.359736677,0
              78.303650870,30.360307747,0
              78.304563697,30.360564482,0
              78.304793011,30.360628975,0
              78.305863769,30.361200045,0
              78.306863142,30.361806808,0
              78.308183743,30.362699106,0
              78.308612047,30.363305868,0
              78.308790505,30.364019706,0
              78.308984115,30.364460705,0
              78.309432960,30.365483074,0
              78.309718495,30.366767984,0
              78.310075414,30.368231352,0
              78.310289566,30.369052267,0
              78.310289566,30.369944564,0
              78.310468025,30.371051014,0
              78.310503717,30.371693468,0
              78.310325258,30.372264539,0
              78.309290192,30.372906993,0
              78.307826824,30.373513756,0
              78.305685309,30.374727281,0
              78.304578859,30.375655271,0
              78.303865021,30.377011564,0
              78.303722253,30.378510624,0
              78.303715331,30.378808294,0
              78.303686561,30.380045376,0
              78.303722253,30.381473053,0
              78.303508101,30.382900730,0
              78.303222567,30.383757336,0
              78.302722880,30.385006553,0
              78.302294577,30.386327152,0
              78.301973350,30.387469295,0
              78.301830582,30.388540052,0
              78.301866274,30.389789269,0
              78.302223193,30.391109870,0
              78.302544419,30.392109244,0
              78.302794264,30.392894466,0
              78.303008415,30.393536920,0
              78.303401026,30.394179375,0
              78.303952075,30.394727127,0
              78.304293324,30.395571359,0
              78.304699191,30.396383092,0
              78.304721627,30.396427965,0
              78.304994544,30.397424077,0
              78.304971470,30.398462405,0
              78.304935778,30.399533162,0
              78.304543167,30.401174990,0
              78.303615178,30.402245748,0
              78.302365961,30.403138045,0
              78.301545047,30.403602040,0
              78.300545673,30.403851884,0
              78.299010921,30.404137419,0
              78.297226325,30.404387262,0
              78.296552359,30.404590724,0
              78.294036865,30.404823303,0
              78.293266999,30.404724819,0
              78.291943922,30.405136793,0
              78.291408543,30.405707863,0
              78.291311662,30.405974290,0
            </coordinates>
          </LinearRing>
        </outerBoundaryIs>
      </Polygon>
      </MultiGeometry>
    </Placemark>
    <Placemark>
      <description>Pathari River Watershed

WATERSHED AREA : </description>
      <name>Pathari River Watershed</name>
      <styleUrl>#area10</styleUrl>
      <MultiGeometry>
      <Point>
      <coordinates>78.064637187,29.941526185,0</coordinates>
      </Point>
      <Polygon>
        <outerBoundaryIs>
          <LinearRing>
            <coordinates>
              78.070152283,29.806163788,0
              78.069107056,29.808839798,0
              78.068313599,29.810413361,0
              78.066871643,29.813869476,0
              78.066284180,29.815830231,0
              78.065673828,29.817754745,0
              78.064918518,29.818983078,0
              78.063308716,29.821346283,0
              78.062078957,29.823187156,0
              78.061439514,29.824144363,0
              78.060035706,29.826496124,0
              78.060050964,29.826530457,0
              78.061729431,29.829250336,0
              78.064460754,29.833223343,0
              78.065635681,29.834398270,0
              78.067581178,29.836803436,0
              78.069114685,29.838565826,0
              78.070541382,29.839977264,0
              78.071640015,29.840927124,0
              78.072842782,29.842112906,0
              78.072990417,29.842258453,0
              78.071693420,29.842485428,0
              78.068367004,29.843347549,0
              78.065628052,29.843851089,0
              78.062889098,29.844337463,0
              78.061813354,29.844379425,0
              78.061396976,29.844337974,0
              78.059265137,29.844125748,0
              78.057518005,29.844217300,0
              78.056968384,29.844260023,0
              78.056973062,29.844289383,0
              78.056790672,29.844784586,0
              78.056700203,29.845079375,0
              78.056595726,29.845604935,0
              78.056500353,29.845976030,0
              78.056477796,29.846109453,0
              78.056472732,29.846358717,0
              78.056510673,29.846990893,0
              78.056544531,29.847221239,0
              78.056587886,29.847387764,0
              78.056596013,29.847418982,0
              78.056663999,29.847557075,0
              78.056858059,29.847832969,0
              78.057039318,29.848043874,0
              78.057271878,29.848283167,0
              78.057623975,29.848582494,0
              78.057749651,29.848689334,0
              78.057940858,29.848880762,0
              78.058339347,29.849236430,0
              78.058744170,29.849653423,0
              78.059045691,29.849894886,0
              78.059150198,29.849965869,0
              78.059605711,29.850226750,0
              78.059813434,29.850327924,0
              78.059991432,29.850428624,0
              78.060413582,29.850610179,0
              78.060568716,29.850661352,0
              78.060946012,29.850732058,0
              78.061177582,29.850763741,0
              78.062292254,29.850846647,0
              78.062974241,29.850982196,0
              78.063650036,29.851055650,0
              78.063747955,29.851048344,0
              78.063828650,29.851029200,0
              78.064348598,29.850805067,0
              78.064721460,29.850707031,0
              78.065040348,29.850587829,0
              78.065259592,29.850543072,0
              78.065492428,29.850481515,0
              78.066030204,29.850290484,0
              78.066337763,29.850194127,0
              78.066581372,29.850149876,0
              78.066856758,29.850153028,0
              78.067096674,29.850137293,0
              78.067346210,29.850301283,0
              78.067642392,29.850522852,0
              78.067717454,29.850583912,0
              78.067893288,29.850751679,0
              78.068190799,29.850979632,0
              78.068693131,29.851339380,0
              78.068754035,29.851392173,0
              78.068936919,29.851587359,0
              78.069114921,29.851735706,0
              78.069437972,29.851949347,0
              78.069838143,29.852253075,0
              78.070113320,29.852427967,0
              78.070304217,29.852591462,0
              78.070680447,29.852879626,0
              78.070896042,29.853032056,0
              78.071273225,29.853353073,0
              78.071569381,29.853627775,0
              78.071700624,29.853718963,0
              78.071708741,29.854018440,0
              78.071731103,29.854317591,0
              78.071760908,29.854513468,0
              78.071864382,29.855013440,0
              78.071926906,29.855222768,0
              78.072075128,29.855608947,0
              78.072137208,29.855935852,0
              78.072272010,29.856285898,0
              78.072423964,29.856772679,0
              78.072567335,29.857104884,0
              78.072841942,29.857651816,0
              78.073096081,29.858111204,0
              78.073274109,29.858406215,0
              78.073573475,29.858801983,0
              78.073917027,29.859149531,0
              78.074054413,29.859276821,0
              78.074184046,29.859421322,0
              78.074563169,29.859917014,0
              78.074770896,29.860217120,0
              78.074871874,29.860397457,0
              78.075000206,29.860559057,0
              78.075037418,29.860626993,0
              78.075092562,29.860770374,0
              78.075230190,29.861019233,0
              78.075589223,29.861582259,0
              78.075653474,29.861715018,0
              78.075749066,29.861940252,0
              78.075860699,29.862146465,0
              78.075902392,29.862240600,0
              78.075922151,29.862285215,0
              78.076129865,29.862705177,0
              78.076221521,29.862923111,0
              78.076243098,29.863006317,0
              78.076274307,29.863238477,0
              78.076332721,29.863438260,0
              78.076381598,29.863644698,0
              78.076409414,29.863777973,0
              78.076422635,29.863892076,0
              78.076412178,29.864154556,0
              78.076412981,29.864388880,0
              78.076391985,29.864653164,0
              78.076382232,29.865024982,0
              78.076365463,29.865207230,0
              78.076346174,29.865321723,0
              78.076300539,29.865507015,0
              78.076227587,29.865745958,0
              78.076202786,29.865807320,0
              78.076155235,29.865887449,0
              78.076024397,29.866048394,0
              78.075784979,29.867285058,0
              78.075975337,29.867951307,0
              78.076213283,29.868569966,0
              78.076451230,29.869236216,0
              78.076689176,29.870092822,0
              78.076784354,29.870759071,0
              78.076927122,29.872234336,0
              78.077069888,29.873376478,0
              78.077069889,29.874804154,0
              78.077069889,29.875993885,0
              78.077346802,29.877204895,0
              78.077484131,29.877340317,0
              78.078742981,29.878580093,0
              78.079192029,29.879226937,0
              78.080024719,29.880426407,0
              78.081642151,29.885309219,0
              78.083488464,29.893520355,0
              78.084007263,29.895250320,0
              78.084320068,29.898265839,0
              78.085327148,29.901386261,0
              78.085441590,29.901731491,0
              78.086067200,29.903652191,0
              78.086486816,29.906448364,0
              78.087394715,29.909942627,0
              78.088218688,29.912557602,0
              78.089508057,29.917066574,0
              78.089813232,29.918130875,0
              78.090080261,29.919050217,0
              78.090568542,29.920715332,0
              78.092094421,29.926349640,0
              78.093439911,29.930856943,0
              78.094482422,29.934349060,0
              78.095909119,29.938482285,0
              78.097602844,29.942180634,0
              78.097908020,29.944063187,0
              78.098075867,29.945568085,0
              78.098085782,29.945758087,0
              78.099392989,29.945697257,0
              78.105633562,29.947257434,0
              78.107007265,29.947600826,0
              78.112365723,29.950361252,0
              78.112709045,29.951324463,0
              78.112789068,29.951442529,0
              78.113174438,29.952011108,0
              78.114433046,29.952622220,0
              78.114968425,29.952770937,0
              78.115801236,29.952770937,0
              78.116634048,29.952741193,0
              78.118031980,29.952473504,0
              78.118983767,29.952146328,0
              78.119697603,29.951819152,0
              78.120827848,29.951135057,0
              78.121571429,29.950599678,0
              78.122225781,29.950302246,0
              78.123118079,29.950123786,0
              78.123831917,29.950123786,0
              78.124188837,29.950183273,0
              78.124753959,29.950391476,0
              78.125747680,29.950874329,0
              78.126300608,29.951313517,0
              78.126746757,29.951938125,0
              78.127073933,29.952473504,0
              78.127490339,29.952979139,0
              78.128293407,29.953514518,0
              78.128977502,29.953722721,0
              78.130226719,29.953633491,0
              78.131386706,29.953455032,0
              78.132397977,29.953246829,0
              78.133290275,29.953157599,0
              78.134182573,29.953157599,0
              78.134866668,29.953157599,0
              78.135602990,29.953180014,0
              78.136175371,29.953246829,0
              78.136681007,29.953514518,0
              78.137008183,29.953722721,0
              78.137186642,29.953901181,0
              78.137305616,29.954406816,0
              78.137275872,29.954674505,0
              78.137156899,29.955180141,0
              78.137156899,29.955418087,0
              78.137389530,29.955837389,0
              78.138197913,29.956131925,0
              78.138703549,29.956131925,0
              78.138971238,29.956102182,0
              78.139442444,29.955984116,0
              78.139923022,29.955775006,0
              78.140636861,29.955775006,0
              78.141112753,29.955893979,0
              78.141350699,29.956221154,0
              78.141291213,29.956845764,0
              78.140279941,29.957797548,0
              78.139833793,29.958094982,0
              78.139714820,29.958541129,0
              78.139982509,29.958898049,0
              78.140339428,29.959195481,0
              78.140755834,29.959314454,0
              78.141319386,29.959331478,0
              78.141975308,29.959552400,0
              78.142183510,29.959552400,0
              78.143007360,29.960135797,0
              78.143375017,29.960659879,0
              78.144057336,29.961574942,0
              78.144890147,29.962140064,0
              78.145633729,29.962615956,0
              78.146317824,29.963151335,0
              78.146972176,29.963686714,0
              78.148876371,29.965381299,0
              78.149619327,29.965976945,0
              78.149976245,29.966512324,0
              78.150303421,29.967136932,0
              78.150480301,29.967920255,0
              78.150511624,29.968058973,0
              78.150690084,29.968891785,0
              78.150690083,29.969873313,0
              78.150452137,29.970825097,0
              78.150214191,29.971182016,0
              78.149619326,29.971717395,0
              78.149143434,29.972282517,0
              78.148816258,29.972550206,0
              78.148370109,29.972639436,0
              78.147834730,29.972728666,0
              78.147150635,29.973085585,0
              78.146381572,29.973266415,0
              78.145603986,29.973264044,0
              78.144949634,29.973739937,0
              78.144354769,29.974691721,0
              78.144235796,29.975524532,0
              78.144295282,29.976357344,0
              78.144533228,29.977309128,0
              78.144414254,29.977993223,0
              78.144027593,29.978498859,0
              78.143581444,29.978855778,0
              78.142837862,29.979272183,0
              78.142034794,29.979807562,0
              78.141739228,29.980021849,0
              78.140845064,29.980670117,0
              78.140071739,29.981621901,0
              78.139536360,29.982038307,0
              78.139194066,29.982228473,0
              78.138733292,29.982484456,0
              78.138465603,29.982722402,0
              78.138346630,29.983079321,0
              78.138406116,29.983376754,0
              78.138703549,29.983733673,0
              78.138911752,29.984179822,0
              78.138852265,29.984596227,0
              78.138614319,29.985012633,0
              78.138138427,29.985518269,0
              78.137424588,29.985666985,0
              78.136918953,29.985548012,0
              78.136234858,29.985429039,0
              78.135937425,29.985607498,0
              78.135818452,29.986321337,0
              78.135937424,29.987005432,0
              78.136205114,29.987897730,0
              78.136234858,29.988552081,0
              78.135937425,29.989682325,0
              78.135342560,29.990485393,0
              78.134807181,29.991288462,0
              78.134480005,29.991734611,0
              78.134033856,29.992388963,0
              78.133587707,29.993073057,0
              78.133052329,29.993757152,0
              78.132635923,29.994589964,0
              78.132606180,29.995452518,0
              78.132784639,29.996077127,0
              78.133082072,29.996761222,0
              78.133468734,29.997296601,0
              78.133855397,29.997831979,0
              78.134152829,29.998337615,0
              78.134301547,29.998813507,0
              78.134212315,29.999081196,0
              78.133320017,30.000092467,0
              78.132041058,30.000449386,0
              78.130553895,30.000865792,0
              78.129810313,30.001133481,0
              78.128889926,30.001364095,0
              78.127887422,30.002273306,0
              78.126672696,30.001521334,0
              78.125958858,30.000950263,0
              78.125429674,30.000805941,0
              78.125173635,30.000736111,0
              78.124388414,30.000878879,0
              78.123481750,30.001287460,0
              78.122746586,30.002592091,0
              78.122175515,30.003091778,0
              78.121461677,30.003948384,0
              78.120605071,30.004947757,0
              78.119534313,30.005804363,0
              78.118534940,30.006589586,0
              78.117963869,30.007303424,0
              78.117500305,30.008516312,0
              78.117416382,30.009059906,0
              78.117035879,30.010016009,0
              78.116750344,30.010515696,0
              78.115965122,30.011158151,0
              78.115322667,30.011443686,0
              78.114466061,30.011443686,0
              78.113932860,30.011354820,0
              78.113609455,30.011300918,0
              78.112967001,30.011158151,0
              78.110968254,30.011657838,0
              78.110040264,30.012228908,0
              78.109255042,30.013014130,0
              78.108612587,30.013014130,0
              78.107327678,30.012228908,0
              78.106970758,30.011158151,0
              78.106899375,30.010301545,0
              78.105971386,30.009730474,0
              78.105114780,30.009730474,0
              78.104329558,30.009944626,0
              78.103615719,30.010301545,0
              78.102830497,30.010301545,0
              78.101611606,30.010226775,0
              78.101779981,30.011045745,0
              78.101617693,30.011800256,0
              78.101290517,30.012424865,0
              78.100487449,30.012692554,0
              78.099535665,30.012722297,0
              78.098732597,30.012573581,0
              78.097661839,30.012484351,0
              78.097068787,30.012641907,0
              78.096234162,30.013049473,0
              78.095550067,30.013644338,0
              78.095163405,30.014268947,0
              78.095133662,30.015309961,0
              78.095490581,30.016053543,0
              78.095906987,30.016797124,0
              78.096263906,30.017510963,0
              78.096769540,30.018314031,0
              78.097185947,30.018998126,0
              78.097721326,30.020009397,0
              78.097893707,30.020895931,0
              78.097929528,30.021080154,0
              78.098375677,30.022359114,0
              78.099089516,30.023578587,0
              78.099833097,30.024470886,0
              78.100368475,30.025244211,0
              78.101052571,30.026136509,0
              78.101439233,30.027207266,0
              78.101485140,30.027482710,0
              78.101558206,30.027921104,0
              78.101260774,30.028783659,0
              78.100695652,30.029378524,0
              78.099892584,30.030062619,0
              78.099357205,30.030360052,0
              78.098286448,30.030508768,0
              78.095431094,30.030538512,0
              78.094479311,30.030538512,0
              78.093438296,30.030835944,0
              78.092635228,30.031460553,0
              78.092070106,30.032055418,0
              78.091475240,30.032858486,0
              78.090523456,30.033423608,0
              78.089333726,30.034018473,0
              78.088292710,30.034375392,0
              78.087013751,30.034732312,0
              78.085734791,30.035029744,0
              78.084515317,30.035356920,0
              78.084098911,30.035654353,0
              78.084011039,30.035780671,0
              78.083623019,30.036338448,0
              78.083117384,30.037260489,0
              78.082195343,30.038420476,0
              78.080946126,30.039104571,0
              78.079756395,30.039699436,0
              78.077942056,30.040234815,0
              78.077347191,30.040680965,0
              78.077070261,30.041170918,0
              78.076960528,30.041365059,0
              78.076752325,30.042019411,0
              78.076711472,30.042278153,0
              78.075493583,30.041570413,0
              78.074708360,30.041070728,0
              78.073994522,30.040571040,0
              78.073423452,30.040071353,0
              78.072566846,30.039357515,0
              78.071924391,30.038643676,0
              78.071281937,30.038001222,0
              78.070353947,30.037216000,0
              78.069211806,30.036359394,0
              78.068283816,30.035145869,0
              78.067498594,30.034146495,0
              78.065999533,30.033004354,0
              78.064571857,30.032290516,0
              78.063144180,30.031648061,0
              78.062073423,30.031148374,0
              78.061002665,30.030505920,0
              78.060217443,30.029863465,0
              78.059574988,30.028864092,0
              78.059003918,30.027507799,0
              78.058432847,30.026151506,0
              78.057433474,30.023010618,0
              78.056791019,30.020869103,0
              78.056648251,30.020083881,0
              78.056576868,30.019726961,0
              78.055720262,30.018798972,0
              78.055365808,30.018621746,0
              78.055006423,30.018442053,0
              78.054078434,30.018013750,0
              78.052650757,30.017728214,0
              78.051080313,30.016942992,0
              78.049938171,30.016015002,0
              78.049438485,30.015015629,0
              78.048296343,30.013445184,0
              78.047368353,30.012017508,0
              78.046752929,30.009075165,0
              78.046676636,30.008613586,0
              78.046981812,30.007776260,0
              78.047294617,30.006753922,0
              78.047668457,30.005699158,0
              78.047698975,30.004562378,0
              78.047386169,30.003576279,0
              78.046562195,30.001819611,0
              78.045555115,29.999975204,0
              78.045394897,29.999460220,0
              78.044349670,29.998962402,0
              78.041557312,29.998365402,0
              78.038810730,29.997711182,0
              78.036346436,29.997127533,0
              78.032165527,29.995773315,0
              78.028114319,29.994474411,0
              78.021995544,29.991954803,0
              78.018013000,29.990461349,0
              78.015586939,29.989815634,0
              78.013763428,29.989330292,0
              78.011886597,29.988529205,0
              78.011657715,29.988317490,0
              78.010383606,29.987150192,0
              78.008720397,29.984617233,0
              78.007621765,29.983640671,0
              78.005126954,29.981958389,0
              78.002861023,29.980169296,0
              77.999961853,29.977659225,0
              77.998390198,29.976451874,0
              77.997764587,29.975893021,0
              77.997890434,29.975770779,0
              78.003256508,29.971718341,0
              78.003641689,29.971203194,0
              78.005009879,29.970043207,0
              78.006794475,29.968883220,0
              78.008043692,29.967961179,0
              78.009173936,29.967187854,0
              78.010973839,29.965924853,0
              78.010681152,29.965660094,0
              78.010620118,29.965597153,0
              78.010612488,29.965589523,0
              78.009651184,29.964601517,0
              78.008987427,29.962987900,0
              78.008117676,29.959943771,0
              78.007537842,29.958639145,0
              78.006286621,29.957405090,0
              78.004096985,29.955366134,0
              78.001930237,29.953382492,0
              78.001190186,29.952848434,0
              78.000457764,29.952314377,0
              77.999168396,29.951246262,0
              77.998382568,29.949523926,0
              77.997543335,29.948036194,0
              77.994827271,29.944644928,0
              77.993316650,29.943756104,0
              77.989555359,29.942764282,0
              77.989295522,29.942650358,0
              77.986579894,29.941459656,0
              77.986320496,29.941215515,0
              77.984329224,29.939319611,0
              77.980728149,29.934074402,0
              77.978584290,29.931230545,0
              77.979476929,29.930917740,0
              77.981300354,29.929664612,0
              77.982971191,29.927211761,0
              77.983917237,29.923036575,0
              77.983703613,29.918155670,0
              77.983718872,29.917980194,0
              77.986946106,29.914581299,0
              77.990966797,29.911762238,0
              77.994049072,29.910144806,0
              77.994232178,29.910085678,0
              77.996864320,29.909257889,0
              77.997259050,29.909115374,0
              78.000488281,29.907949448,0
              77.999127518,29.905894260,0
              77.998641969,29.905160904,0
              77.995826721,29.901662827,0
              77.994094849,29.898405075,0
              77.993789674,29.897827148,0
              77.993670824,29.897582292,0
              77.993156433,29.896522522,0
              77.992271423,29.892711639,0
              77.992195128,29.892272949,0
              77.990817497,29.884198173,0
              77.990653992,29.883239746,0
              77.989761353,29.877967834,0
              77.989213694,29.875416672,0
              77.987884521,29.869224548,0
              77.986549377,29.864915848,0
              77.986267090,29.864006042,0
              77.985710144,29.862152100,0
              77.985221863,29.860509872,0
              77.985115051,29.854949951,0
              77.984695435,29.853176117,0
              77.988151550,29.851114273,0
              77.992668152,29.849328995,0
              77.997131348,29.847492218,0
              78.000274658,29.845228195,0
              78.002029419,29.843803406,0
              78.003082276,29.842287064,0
              78.004051208,29.840894699,0
              78.004173279,29.839649200,0
              78.003959656,29.838277817,0
              78.003257752,29.833717346,0
              78.003364563,29.831962585,0
              78.003776550,29.830406189,0
              78.004010260,29.830012989,0
              78.004341125,29.829456329,0
              78.005104065,29.828191757,0
              78.007896423,29.823692322,0
              78.008110046,29.823347092,0
              78.009353638,29.821178436,0
              78.010543823,29.818859100,0
              78.012535095,29.814945221,0
              78.014457703,29.810810089,0
              78.015411377,29.808660507,0
              78.017402649,29.804267883,0
              78.017425537,29.804212570,0
              78.018053703,29.803002728,0
              78.018379210,29.802375793,0
              78.020751952,29.797910690,0
              78.022018433,29.795934677,0
              78.023864746,29.793485641,0
              78.024261475,29.792957306,0
              78.027465820,29.789756775,0
              78.028227491,29.788997365,0
              78.030677795,29.786554337,0
              78.032073975,29.784631729,0
              78.033012390,29.783428192,0
              78.034530641,29.781337738,0
              78.035377502,29.779207230,0
              78.035804750,29.777019501,0
              78.035392761,29.774005890,0
              78.034927368,29.770599365,0
              78.034858704,29.769695282,0
              78.034690857,29.767368317,0
              78.034881591,29.764589310,0
              78.035293579,29.761177063,0
              78.036201477,29.758901596,0
              78.036560059,29.758176804,0
              78.038085937,29.755338669,0
              78.038604736,29.754386902,0
              78.041046143,29.750209808,0
              78.042854084,29.748392642,0
              78.042915344,29.748331071,0
              78.044311523,29.745191574,0
              78.044998169,29.742755890,0
              78.046096802,29.739835739,0
              78.047027589,29.736951828,0
              78.047233582,29.736282349,0
              78.047737122,29.734619141,0
              78.048019409,29.733238220,0
              78.048126221,29.732713699,0
              78.048530580,29.729324341,0
              78.048896790,29.726491928,0
              78.048995972,29.723939896,0
              78.049171448,29.721965790,0
              78.049453735,29.720323563,0
              78.050239563,29.718591690,0
              78.050590515,29.717817307,0
              78.051429749,29.716600418,0
              78.052260539,29.715917854,0
              78.053108215,29.715221405,0
              78.056709290,29.712915421,0
              78.059768677,29.710929871,0
              78.061584472,29.710096359,0
              78.065559387,29.708103180,0
              78.069022410,29.706176327,0
              78.069249374,29.706051034,0
              78.069272730,29.706122877,0
              78.069362640,29.706399434,0
              78.069405258,29.706839814,0
              78.069447874,29.707067107,0
              78.069561521,29.707535899,0
              78.069689374,29.707862632,0
              78.070172371,29.708288807,0
              78.070683781,29.708516100,0
              78.070793448,29.708569715,0
              78.071323042,29.708828628,0
              78.071604156,29.709086316,0
              78.071607694,29.709089559,0
              78.071607491,29.709092047,0
              78.071607234,29.709095179,0
              78.072007573,29.710248035,0
              78.072236001,29.710576401,0
              78.072350215,29.710804829,0
              78.072478706,29.711047534,0
              78.072564367,29.711361623,0
              78.072735688,29.711861310,0
              78.072921286,29.712261059,0
              78.073149714,29.712703639,0
              78.073492356,29.713403201,0
              78.073763615,29.714074208,0
              78.073934936,29.714802324,0
              78.074206195,29.715858804,0
              78.074501038,29.719341278,0
              78.074096681,29.721052170,0
              78.072166443,29.724859238,0
              78.071037292,29.727041245,0
              78.069351196,29.731422424,0
              78.068717957,29.732971191,0
              78.067184449,29.738225937,0
              78.066673279,29.742580414,0
              78.066589355,29.745349884,0
              78.067695618,29.750261307,0
              78.068778992,29.752471924,0
              78.070953369,29.755853653,0
              78.072143555,29.758089066,0
              78.073822021,29.760326384,0
              78.074104308,29.760959625,0
              78.075080872,29.763137817,0
              78.075912476,29.764547348,0
              78.078453065,29.768587112,0
              78.079917908,29.771236420,0
              78.083038330,29.775772095,0
              78.084518433,29.777809143,0
              78.086006165,29.780702591,0
              78.086068519,29.780780987,0
              78.083736369,29.781202995,0
              78.080424159,29.782116708,0
              78.075855594,29.783944134,0
              78.074199489,29.785200489,0
              78.073184512,29.786011161,0
              78.072765054,29.786346182,0
              78.072003842,29.786954152,0
              78.072118056,29.787696544,0
              78.072162037,29.787784507,0
              78.071807924,29.788052847,0
              78.070747375,29.788856506,0
              78.069549561,29.789697647,0
              78.068817139,29.790636063,0
              78.069549562,29.791515350,0
              78.070571899,29.793989182,0
              78.071006775,29.795841217,0
              78.071022034,29.798927307,0
              78.070571899,29.803981781,0
              78.070175171,29.806100845,0
              78.070152283,29.806163788,0
            </coordinates>
          </LinearRing>
        </outerBoundaryIs>
      </Polygon>
      </MultiGeometry>
    </Placemark>
    <Placemark>
      <description>Kamal Ganaga Watershed

WATERSHED AREA : </description>
      <name>Kamal Ganaga Watershed</name>
      <styleUrl>#area11</styleUrl>
      <MultiGeometry>
      <Point>
      <coordinates>78.063112763,30.875949888,0</coordinates>
      </Point>
      <Polygon>
        <outerBoundaryIs>
          <LinearRing>
            <coordinates>
              78.182033766,30.955736807,0
              78.181594849,30.957567215,0
              78.181587220,30.957668304,0
              78.181449890,30.959089279,0
              78.181457520,30.963674545,0
              78.181367825,30.964226735,0
              78.181199559,30.965262616,0
              78.180669366,30.968526491,0
              78.178813387,30.966575332,0
              78.173578573,30.965052478,0
              78.170376757,30.964144143,0
              78.164724164,30.962540345,0
              78.163346891,30.962149535,0
              78.157255470,30.960198377,0
              78.155857785,30.959983349,0
              78.153543511,30.959627306,0
              78.150497801,30.959341771,0
              78.147180269,30.958556076,0
              78.143264239,30.957628559,0
              78.141342496,30.956997983,0
              78.139816284,30.956497192,0
              78.137878418,30.955432892,0
              78.136726379,30.954919815,0
              78.136344910,30.954786301,0
              78.132377625,30.953388214,0
              78.131386170,30.953024945,0
              78.130964439,30.952870420,0
              78.130935669,30.952859879,0
              78.126976013,30.951959610,0
              78.124537882,30.951156425,0
              78.121860988,30.950371203,0
              78.120361927,30.949835825,0
              78.118291796,30.949229062,0
              78.117397173,30.948894699,0
              78.115676880,30.948251724,0
              78.115043640,30.948186874,0
              78.114959717,30.948183060,0
              78.114951745,30.948182880,0
              78.113861084,30.948158264,0
              78.112266541,30.948347092,0
              78.110450745,30.948928833,0
              78.107925415,30.949699402,0
              78.107049539,30.950097231,0
              78.106636486,30.950284839,0
              78.104371949,30.950870890,0
              78.104198163,30.950866317,0
              78.103015657,30.950835198,0
              78.102669324,30.950812111,0
              78.101944899,30.950763814,0
              78.101266753,30.950299819,0
              78.099482157,30.948408148,0
              78.097804637,30.946516476,0
              78.096649170,30.946292877,0
              78.095341895,30.946266633,0
              78.093236071,30.946445093,0
              78.091130249,30.946338017,0
              78.088881658,30.945909713,0
              78.087836654,30.945226446,0
              78.087025678,30.944696189,0
              78.083742022,30.942376214,0
              78.081534877,30.940911526,0
              78.081078632,30.940514124,0
              78.080734253,30.940214157,0
              78.080215453,30.939493179,0
              78.079833984,30.938482285,0
              78.079650879,30.937192917,0
              78.079566406,30.936909243,0
              78.079139709,30.935476303,0
              78.079063416,30.935234070,0
              78.078216553,30.933771133,0
              78.078145258,30.933653849,0
              78.077125549,30.931976318,0
              78.076286317,30.930959702,0
              78.074897766,30.929815292,0
              78.072319031,30.928701401,0
              78.071235657,30.928379059,0
              78.068412781,30.927354813,0
              78.068080863,30.927188855,0
              78.067405701,30.926851273,0
              78.066818238,30.926559448,0
              78.066146851,30.925838470,0
              78.065849304,30.925504684,0
              78.065161229,30.924424494,0
              78.064430237,30.923276901,0
              78.063995362,30.922565460,0
              78.063380443,30.921757085,0
              78.061170455,30.919238336,0
              78.060882930,30.918842990,0
              78.060409028,30.918191372,0
              78.059921265,30.918035507,0
              78.059785932,30.918171093,0
              78.059290681,30.918667264,0
              78.058319862,30.919752299,0
              78.056949291,30.919980727,0
              78.054836330,30.919980727,0
              78.052979702,30.919774443,0
              78.051752549,30.919638085,0
              78.048782982,30.919638085,0
              78.045977647,30.919599655,0
              78.044614166,30.919580978,0
              78.042768934,30.919636894,0
              78.042729633,30.919638085,0
              78.040388243,30.920666011,0
              78.037133141,30.922721866,0
              78.035020179,30.923407150,0
              78.030680042,30.923749794,0
              78.029158745,30.923302355,0
              78.028859755,30.923214415,0
              78.027606871,30.921648318,0
              78.027146543,30.921072899,0
              78.024541033,30.919395379,0
              78.023931309,30.919127856,0
              78.021043225,30.917860628,0
              78.020395998,30.917570496,0
              78.018973093,30.916932638,0
              78.018101800,30.916811626,0
              78.017688185,30.916754178,0
              78.017467420,30.916643796,0
              78.016902963,30.916361567,0
              78.016864332,30.916139441,0
              78.016760195,30.915540653,0
              78.016809421,30.915165320,0
              78.017045731,30.913363446,0
              78.017080205,30.912869319,0
              78.017152806,30.911828694,0
              78.016974347,30.910436709,0
              78.016061598,30.909358006,0
              78.015796513,30.909044725,0
              78.015181472,30.908662059,0
              78.014808655,30.908430099,0
              78.011886597,30.907976151,0
              78.009323120,30.907537460,0
              78.007406891,30.907137423,0
              78.004882812,30.906610489,0
              78.003448486,30.906272888,0
              78.002891813,30.906174598,0
              78.001018068,30.905843741,0
              77.999553835,30.905203016,0
              77.999356627,30.905046951,0
              77.998247989,30.903994318,0
              77.996106474,30.901198451,0
              77.994462940,30.899656058,0
              77.993781448,30.899342879,0
              77.992871819,30.899247129,0
              77.992477796,30.899205653,0
              77.989325010,30.898997451,0
              77.985012236,30.899324626,0
              77.981353815,30.898670274,0
              77.980888985,30.898455207,0
              77.979361017,30.897748233,0
              77.979330209,30.897709526,0
              77.978355122,30.896484419,0
              77.978201030,30.896290814,0
              77.977100529,30.894000583,0
              77.975553879,30.890609850,0
              77.975107730,30.888884741,0
              77.975217299,30.888462122,0
              77.975524136,30.887278605,0
              77.978290260,30.883590440,0
              77.979985625,30.881240722,0
              77.981413302,30.878831519,0
              77.981842507,30.877229152,0
              77.982305600,30.875500273,0
              77.982840978,30.873001839,0
              77.983019439,30.871425446,0
              77.983197897,30.869640850,0
              77.982870722,30.866904470,0
              77.982959952,30.865179361,0
              77.983495330,30.863275792,0
              77.984566088,30.861967088,0
              77.985369156,30.860866587,0
              77.985398899,30.859766087,0
              77.985351466,30.859629717,0
              77.984995350,30.858605885,0
              77.984923007,30.858397897,0
              77.986222088,30.858325334,0
              77.987706872,30.858325333,0
              77.989191655,30.858211120,0
              77.991076188,30.858211119,0
              77.993132042,30.858211119,0
              77.994788147,30.858211119,0
              77.996176013,30.857774937,0
              77.996786894,30.857582942,0
              77.998328786,30.856897657,0
              77.999813568,30.856326586,0
              78.001012818,30.855527087,0
              78.002668923,30.854784696,0
              78.005124526,30.853928089,0
              78.006764934,30.853532129,0
              78.006780631,30.853528340,0
              78.008979796,30.853815079,0
              78.010835232,30.854099411,0
              78.012662658,30.854156517,0
              78.013976120,30.853471233,0
              78.014904005,30.852841829,0
              78.015289583,30.851072736,0
              78.015118262,30.850216130,0
              78.014123559,30.849619840,0
              78.013747692,30.849302417,0
              78.013633478,30.848331597,0
              78.014033227,30.847246563,0
              78.014743812,30.846014278,0
              78.015746439,30.842963533,0
              78.016260403,30.839936858,0
              78.016545939,30.838052326,0
              78.016545939,30.835311187,0
              78.016545939,30.833597975,0
              78.016545938,30.831427906,0
              78.016645876,30.829793216,0
              78.017252639,30.828365540,0
              78.017716634,30.827794470,0
              78.018287705,30.827508934,0
              78.018347716,30.827481249,0
              78.018829346,30.827259064,0
              78.019786764,30.827366167,0
              78.021068089,30.827513669,0
              78.022285199,30.827830161,0
              78.023141805,30.827865853,0
              78.023962719,30.827758777,0
              78.024664841,30.827315826,0
              78.025448450,30.827097186,0
              78.026139926,30.826473868,0
              78.026639612,30.826116949,0
              78.027246375,30.825795722,0
              78.028138672,30.825545879,0
              78.028781127,30.825260343,0
              78.029352198,30.824832040,0
              78.029816193,30.823939742,0
              78.030137420,30.823261596,0
              78.030851258,30.822440681,0
              78.031779248,30.821905303,0
              78.032778622,30.821762536,0
              78.033456768,30.821762536,0
              78.034813061,30.821976687,0
              78.035919511,30.822226530,0
              78.037454263,30.822226531,0
              78.039131782,30.822119455,0
              78.040809303,30.821691152,0
              78.041880060,30.821298540,0
              78.042879433,30.820941622,0
              78.043628964,30.820406243,0
              78.044699721,30.819728097,0
              78.046020322,30.819192718,0
              78.047376615,30.818907183,0
              78.048911367,30.818728723,0
              78.049046912,30.818714070,0
              78.050231968,30.818585955,0
              78.051231342,30.818264728,0
              78.051802412,30.817800733,0
              78.052194521,30.816843365,0
              78.051909488,30.816265981,0
              78.051409801,30.815587835,0
              78.050945807,30.814909688,0
              78.050196276,30.813446319,0
              78.049767974,30.812232794,0
              78.049625205,30.811269112,0
              78.049625206,30.810590966,0
              78.049803665,30.809734360,0
              78.050231969,30.808663603,0
              78.051374110,30.807021775,0
              78.052052256,30.806236552,0
              78.053270868,30.805520997,0
              78.053907189,30.805821958,0
              78.054716205,30.805845752,0
              78.055929730,30.805845752,0
              78.057333612,30.805679189,0
              78.058666110,30.805417448,0
              78.059951020,30.805203297,0
              78.061259723,30.805108119,0
              78.062259097,30.805108119,0
              78.063139497,30.805108118,0
              78.064138871,30.805036735,0
              78.064733735,30.804965351,0
              78.065257217,30.804703611,0
              78.066161413,30.804156334,0
              78.067039490,30.803836823,0
              78.067327349,30.803609058,0
              78.067435879,30.803179036,0
              78.067593664,30.802917199,0
              78.067422526,30.802276560,0
              78.067636678,30.801300981,0
              78.067874624,30.800920268,0
              78.068398106,30.800491964,0
              78.069111944,30.800063662,0
              78.069730604,30.799397413,0
              78.070206496,30.798635985,0
              78.070634799,30.797945941,0
              78.071086897,30.797208308,0
              78.071324843,30.796684827,0
              78.071420022,30.795780632,0
              78.071229664,30.795042999,0
              78.070917729,30.794086334,0
              78.070724487,30.793783188,0
              78.070143463,30.793205200,0
              78.072133964,30.792285501,0
              78.074632398,30.791714430,0
              78.075703156,30.791214744,0
              78.076702530,30.790857824,0
              78.077844670,30.790072602,0
              78.078487125,30.788859077,0
              78.079700650,30.787931087,0
              78.080985559,30.787288633,0
              78.082984306,30.786432027,0
              78.085625509,30.785075734,0
              78.086339346,30.784290512,0
              78.086918649,30.783373286,0
              78.087838407,30.784576048,0
              78.088909164,30.785932340,0
              78.090550993,30.786931714,0
              78.091978669,30.787645552,0
              78.094619871,30.787859703,0
              78.095762012,30.787574168,0
              78.099473971,30.787716935,0
              78.101044415,30.788216622,0
              78.104328071,30.789215997,0
              78.106255434,30.789787067,0
              78.107754496,30.790286754,0
              78.109039404,30.791286127,0
              78.110324314,30.792071350,0
              78.111537838,30.792285501,0
              78.113750737,30.792285501,0
              78.116463322,30.791571663,0
              78.118604838,30.790215370,0
              78.119961131,30.788716310,0
              78.120532202,30.787217249,0
              78.121043318,30.785155756,0
              78.121308383,30.785227559,0
              78.121776516,30.785382694,0
              78.121830866,30.785400706,0
              78.122009861,30.785493014,0
              78.122240903,30.785650379,0
              78.122427881,30.785725037,0
              78.122712323,30.785838611,0
              78.123109588,30.786033094,0
              78.123385573,30.786194901,0
              78.123808879,30.786478627,0
              78.124269961,30.787148081,0
              78.124538301,30.787557713,0
              78.124733103,30.787855087,0
              78.124921868,30.788084882,0
              78.125122487,30.788290368,0
              78.124848307,30.789688520,0
              78.124697925,30.791972167,0
              78.124222033,30.793495023,0
              78.123746141,30.794970288,0
              78.123413017,30.796921446,0
              78.123413017,30.798587069,0
              78.123555784,30.800109924,0
              78.123968447,30.801446723,0
              78.124250455,30.803080536,0
              78.124631168,30.806221425,0
              78.124678757,30.807744279,0
              78.124678757,30.808743653,0
              78.124678757,30.809838205,0
              78.124821524,30.811218292,0
              78.125704306,30.813380580,0
              78.126136780,30.813802719,0
              78.127883911,30.814790726,0
              78.128288269,30.815017700,0
              78.128936768,30.815240860,0
              78.129776001,30.815744400,0
              78.130455017,30.816154480,0
              78.130810951,30.816347277,0
              78.130821228,30.816352844,0
              78.130889893,30.816389084,0
              78.132087708,30.817279816,0
              78.133171083,30.818824768,0
              78.133627189,30.819307552,0
              78.134718520,30.820145756,0
              78.136452463,30.821477484,0
              78.138070496,30.822476858,0
              78.140307190,30.823714177,0
              78.142591472,30.824713551,0
              78.145161290,30.825808103,0
              78.148739923,30.827077795,0
              78.151390076,30.827236176,0
              78.153327941,30.827493668,0
              78.156257629,30.828569412,0
              78.156684875,30.828731537,0
              78.158889770,30.829801559,0
              78.160110474,30.830444336,0
              78.160481289,30.830622809,0
              78.162353516,30.831523895,0
              78.162647570,30.831694393,0
              78.163654328,30.832823798,0
              78.164653702,30.833870762,0
              78.165510308,30.834632189,0
              78.166271736,30.835536384,0
              78.166509682,30.836535757,0
              78.166345303,30.837398746,0
              78.166319324,30.837535132,0
              78.165605487,30.838248970,0
              78.164130221,30.838772451,0
              78.162212485,30.838852811,0
              78.161084511,30.839010397,0
              78.158847817,30.839200754,0
              78.156706303,30.840009770,0
              78.155278626,30.840866376,0
              78.154279252,30.841818161,0
              78.153531909,30.842756320,0
              78.153041932,30.844245211,0
              78.152137738,30.845339763,0
              78.151614256,30.846006012,0
              78.151185952,30.846577083,0
              78.150805239,30.847861992,0
              78.150357132,30.850906592,0
              78.150329589,30.853759766,0
              78.150901795,30.855373383,0
              78.150833130,30.857870102,0
              78.150726318,30.858381271,0
              78.150718689,30.858394623,0
              78.149810791,30.861967087,0
              78.149750790,30.862052116,0
              78.146430969,30.866756439,0
              78.146163940,30.867273331,0
              78.144836426,30.869262695,0
              78.143699646,30.871555328,0
              78.143699646,30.871641159,0
              78.143679193,30.872216395,0
              78.143623352,30.873786926,0
              78.144012451,30.875856400,0
              78.144737244,30.878284454,0
              78.145576477,30.880321503,0
              78.145759583,30.882123947,0
              78.145431519,30.884567261,0
              78.145500183,30.885189056,0
              78.145637512,30.886358261,0
              78.145768750,30.886632553,0
              78.146591187,30.888351440,0
              78.147697449,30.890129089,0
              78.148406982,30.891637802,0
              78.148742676,30.893661499,0
              78.148117065,30.895746231,0
              78.146324158,30.898153305,0
              78.145309448,30.899791718,0
              78.145225525,30.901014328,0
              78.145492554,30.902206421,0
              78.145973206,30.903005600,0
              78.146438599,30.903673172,0
              78.146955803,30.904086550,0
              78.147431695,30.904395880,0
              78.148121739,30.904776594,0
              78.149478032,30.905609405,0
              78.150168076,30.906013913,0
              78.151476779,30.906656367,0
              78.152214412,30.907084671,0
              78.153132646,30.907823606,0
              78.153755188,30.908250809,0
              78.153921389,30.908365568,0
              78.154396058,30.908693314,0
              78.155952454,30.910701752,0
              78.156745911,30.912910461,0
              78.156753540,30.914400101,0
              78.156639099,30.915691376,0
              78.156579927,30.916402019,0
              78.156440734,30.918073654,0
              78.156875610,30.920364380,0
              78.157551452,30.921343846,0
              78.157890319,30.921834946,0
              78.158782959,30.922218323,0
              78.160148621,30.922807693,0
              78.160158319,30.922811904,0
              78.160583496,30.922996521,0
              78.164543151,30.924367905,0
              78.166931152,30.925651550,0
              78.173835754,30.928571701,0
              78.174873352,30.929008484,0
              78.175804138,30.929996490,0
              78.176422119,30.931413651,0
              78.176597596,30.934047699,0
              78.176979065,30.936382294,0
              78.177925110,30.938686371,0
              78.179145813,30.940162659,0
              78.180480956,30.941202164,0
              78.183181763,30.943908691,0
              78.183479309,30.944177628,0
              78.184646606,30.945743561,0
              78.184661865,30.945817947,0
              78.184692383,30.945964814,0
              78.185165406,30.947076797,0
              78.185234070,30.948135376,0
              78.183868408,30.951734543,0
              78.182121277,30.955371857,0
              78.182033766,30.955736807,0
            </coordinates>
          </LinearRing>
        </outerBoundaryIs>
      </Polygon>
      </MultiGeometry>
    </Placemark>
    <Placemark>
      <description>Chandrabhaga River Watershed

WATERSHED AREA : </description>
      <name>Chandrabhaga River Watershed</name>
      <styleUrl>#area12</styleUrl>
      <MultiGeometry>
      <Point>
      <coordinates>79.225259056,30.296876129,0</coordinates>
      </Point>
      <Polygon>
        <outerBoundaryIs>
          <LinearRing>
            <coordinates>
              79.207703306,30.304664584,0
              79.207664490,30.304517746,0
              79.207062479,30.303606259,0
              79.206646074,30.302832934,0
              79.206199925,30.301821664,0
              79.205961979,30.300542703,0
              79.205961979,30.299412459,0
              79.206110695,30.298252472,0
              79.206348641,30.296705822,0
              79.206348641,30.295694551,0
              79.206687430,30.294434867,0
              79.206633814,30.293918333,0
              79.206847303,30.288040230,0
              79.207002993,30.287485411,0
              79.207240939,30.286860802,0
              79.207716831,30.285790045,0
              79.207954777,30.284481341,0
              79.208103494,30.283499814,0
              79.208192723,30.282191110,0
              79.208281953,30.281120353,0
              79.208293265,30.281093958,0
              79.208638872,30.280287541,0
              79.209412197,30.279662933,0
              79.210266365,30.279025917,0
              79.210571289,30.278650284,0
              79.211532593,30.277107239,0
              79.212425232,30.275438310,0
              79.212951660,30.274263382,0
              79.217071533,30.268590927,0
              79.218215941,30.264743805,0
              79.219538498,30.265642452,0
              79.220215467,30.266222842,0
              79.223023641,30.269211150,0
              79.223284078,30.269393194,0
              79.223457802,30.269531738,0
              79.223573636,30.269638922,0
              79.223826682,30.269901965,0
              79.224036099,30.270174443,0
              79.224253195,30.270416671,0
              79.224563048,30.270850348,0
              79.224769495,30.271121949,0
              79.225126201,30.271519274,0
              79.225419452,30.271883501,0
              79.225501513,30.271972329,0
              79.225668006,30.272126109,0
              79.225774642,30.272235906,0
              79.226131284,30.272458517,0
              79.226565409,30.272786160,0
              79.226768786,30.272974957,0
              79.227146939,30.273391192,0
              79.227352475,30.273603660,0
              79.227500614,30.273790752,0
              79.227722149,30.274106814,0
              79.228080995,30.274702310,0
              79.228218561,30.274889474,0
              79.228384815,30.275233401,0
              79.228582648,30.275613934,0
              79.228597269,30.275637427,0
              79.228624510,30.275669744,0
              79.228902393,30.275917699,0
              79.228992269,30.275989166,0
              79.229163228,30.276097189,0
              79.229395676,30.276210262,0
              79.229853693,30.276357898,0
              79.229979666,30.276377219,0
              79.230181066,30.276381270,0
              79.230280421,30.276376028,0
              79.230375713,30.276359550,0
              79.230809581,30.276251105,0
              79.231311745,30.276098338,0
              79.231685729,30.276028450,0
              79.231937681,30.276019165,0
              79.232181204,30.276032771,0
              79.232366336,30.276063940,0
              79.232657658,30.276139086,0
              79.233020074,30.276264149,0
              79.233491950,30.276471027,0
              79.233751456,30.276616518,0
              79.234110091,30.276852977,0
              79.234466531,30.277042439,0
              79.234697061,30.277152063,0
              79.235309945,30.277380900,0
              79.235975310,30.277560662,0
              79.236343625,30.277635070,0
              79.236676239,30.277733717,0
              79.236815115,30.277793245,0
              79.237036058,30.277925346,0
              79.237239581,30.278067065,0
              79.237814773,30.278424713,0
              79.238134210,30.278638721,0
              79.238296032,30.278770954,0
              79.238415657,30.278877945,0
              79.238604109,30.279594611,0
              79.239428395,30.282101160,0
              79.239428395,30.283314684,0
              79.239357011,30.285813119,0
              79.239214243,30.288382937,0
              79.238857324,30.290381684,0
              79.238429021,30.292523199,0
              79.237693853,30.294946468,0
              79.237286880,30.296377926,0
              79.237286880,30.298091138,0
              79.237429648,30.299090511,0
              79.237857951,30.300089885,0
              79.238429021,30.301089258,0
              79.239421767,30.302092709,0
              79.241109790,30.303805560,0
              79.241855445,30.304158763,0
              79.242283748,30.304587066,0
              79.242997586,30.306086127,0
              79.243283122,30.307513803,0
              79.243850709,30.308561325,0
              79.243866207,30.309053417,0
              79.243881226,30.309530258,0
              79.244710798,30.310583308,0
              79.245210485,30.311582682,0
              79.244883831,30.312425010,0
              79.244949341,30.312591553,0
              79.244710798,30.313724196,0
              79.244996334,30.314937722,0
              79.245424637,30.315865711,0
              79.245710172,30.317364772,0
              79.245924323,30.318007226,0
              79.245924323,30.318506913,0
              79.245567404,30.318863832,0
              79.245139101,30.319220751,0
              79.244782182,30.319791822,0
              79.244568031,30.320291509,0
              79.244793216,30.322067974,0
              79.243194219,30.322182188,0
              79.241880756,30.322239296,0
              79.240681508,30.322239296,0
              79.239310938,30.322296403,0
              79.238340118,30.322467724,0
              79.236512692,30.322581938,0
              79.235598979,30.322581938,0
              79.234970801,30.322867473,0
              79.234399731,30.323038794,0
              79.233143375,30.323267223,0
              79.232001234,30.323095902,0
              79.230744879,30.322639045,0
              79.228574810,30.322125081,0
              79.226576063,30.322067974,0
              79.225205493,30.322067974,0
              79.223606496,30.322467724,0
              79.222350140,30.322467724,0
              79.220751142,30.322353510,0
              79.219837429,30.322239296,0
              79.216800122,30.323300280,0
              79.216163635,30.323581696,0
              79.213211060,30.323888779,0
              79.211703908,30.324045531,0
              79.211107563,30.322909637,0
              79.210542440,30.321809136,0
              79.209412197,30.320084027,0
              79.208609129,30.318418404,0
              79.207687088,30.316544579,0
              79.207092223,30.315444078,0
              79.206110695,30.314403064,0
              79.205367114,30.313599996,0
              79.204801992,30.312380522,0
              79.204593789,30.311280021,0
              79.204742505,30.310566183,0
              79.205367113,30.309435939,0
              79.205813262,30.308543641,0
              79.205991722,30.307919032,0
              79.206259411,30.307264681,0
              79.206749049,30.306488097,0
              79.207389655,30.306164180,0
              79.207806062,30.305807261,0
              79.207895291,30.305390855,0
              79.207703306,30.304664584,0
            </coordinates>
          </LinearRing>
        </outerBoundaryIs>
      </Polygon>
      </MultiGeometry>
    </Placemark>
    <Placemark>
      <description>Punad Gad Watershed

WATERSHED AREA : </description>
      <name>Punad Gad Watershed</name>
      <styleUrl>#area13</styleUrl>
      <MultiGeometry>
      <Point>
      <coordinates>79.008431372,30.244733979,0</coordinates>
      </Point>
      <Polygon>
        <outerBoundaryIs>
          <LinearRing>
            <coordinates>
              78.984708796,30.288993150,0
              78.984668233,30.288977097,0
              78.984455649,30.288903241,0
              78.984359345,30.288880508,0
              78.984045879,30.288806509,0
              78.983951576,30.288793076,0
              78.983326454,30.288782593,0
              78.982472160,30.288606337,0
              78.981516593,30.288467662,0
              78.981236001,30.288418983,0
              78.981136928,30.288393288,0
              78.981049062,30.288396192,0
              78.980606969,30.288259762,0
              78.981018066,30.287187576,0
              78.981201172,30.286840439,0
              78.981466478,30.286339781,0
              78.981416826,30.284995004,0
              78.980702986,30.282782105,0
              78.978704240,30.278213540,0
              78.977205180,30.276000642,0
              78.975349200,30.273644975,0
              78.974278443,30.271788996,0
              78.973635988,30.270218551,0
              78.973064919,30.268219804,0
              78.972707998,30.266577976,0
              78.972422463,30.264365077,0
              78.972422463,30.261366956,0
              78.972779382,30.257583613,0
              78.973778756,30.254514109,0
              78.974992281,30.251587372,0
              78.976348574,30.249445857,0
              78.976467310,30.249242311,0
              78.977777642,30.246996028,0
              78.977847634,30.246876039,0
              78.978918392,30.244234837,0
              78.979632230,30.240665646,0
              78.979703615,30.238952434,0
              78.979632230,30.236810919,0
              78.979489462,30.235026323,0
              78.979346695,30.232956192,0
              78.978828430,30.227924347,0
              78.979906801,30.227738122,0
              78.980443534,30.227212535,0
              78.980774371,30.226888566,0
              78.980988523,30.226674415,0
              78.981202673,30.225817809,0
              78.981488210,30.225103971,0
              78.982558967,30.224461516,0
              78.983986644,30.224247365,0
              78.985771239,30.223462143,0
              78.986413694,30.222534153,0
              78.986770613,30.221891698,0
              78.987270299,30.221249244,0
              78.987423286,30.221157452,0
              78.987984138,30.220820941,0
              78.989054896,30.220749557,0
              78.990553957,30.220749557,0
              78.992338551,30.220535406,0
              78.995907743,30.219393264,0
              78.997049885,30.218750810,0
              78.997835107,30.218179739,0
              78.998192026,30.217680052,0
              78.998763096,30.215966840,0
              78.999405551,30.214896082,0
              79.000048005,30.214610548,0
              79.001118764,30.214539164,0
              79.001828901,30.214599769,0
              79.002903359,30.215538537,0
              79.003403045,30.215609921,0
              79.003831348,30.215110234,0
              79.004188268,30.214539164,0
              79.005401793,30.213968092,0
              79.006686702,30.213682558,0
              79.007614690,30.212897336,0
              79.008114378,30.212040730,0
              79.008257146,30.211541043,0
              79.008899599,30.210684437,0
              79.009238662,30.210527947,0
              79.009827590,30.210256134,0
              79.011255267,30.209827831,0
              79.014824458,30.209542296,0
              79.016609054,30.209470912,0
              79.018036731,30.209328144,0
              79.019464407,30.208899841,0
              79.021308898,30.208372116,0
              79.023033599,30.208685690,0
              79.025389265,30.208685690,0
              79.027602164,30.208685690,0
              79.029458143,30.208685690,0
              79.032005310,30.208059311,0
              79.032295932,30.208707976,0
              79.032682355,30.209570456,0
              79.033387309,30.210096489,0
              79.034130889,30.210750841,0
              79.034874471,30.211375449,0
              79.035707283,30.211851341,0
              79.036153432,30.212119031,0
              79.036688811,30.212535436,0
              79.037610852,30.213338504,0
              79.038413920,30.213814397,0
              79.039395448,30.214409262,0
              79.040347232,30.214974384,0
              79.041328760,30.215361046,0
              79.042786180,30.215361046,0
              79.043080497,30.215286025,0
              79.042798452,30.217006493,0
              79.042798452,30.218148634,0
              79.042655684,30.219219391,0
              79.042655684,30.220004613,0
              79.043155371,30.220575684,0
              79.043940593,30.221003987,0
              79.044440281,30.221789209,0
              79.044011977,30.222645815,0
              79.041584927,30.222931350,0
              79.038515422,30.221646442,0
              79.036658035,30.223716114,0
              79.036016988,30.224430411,0
              79.036588058,30.225929471,0
              79.038015735,30.226714693,0
              79.039586179,30.227499916,0
              79.040585553,30.228570673,0
              79.040442785,30.229570047,0
              79.039762360,30.231361916,0
              79.038658190,30.235494905,0
              79.038515422,30.236280127,0
              79.039728946,30.242062217,0
              79.039157876,30.243846813,0
              79.037589361,30.245502467,0
              79.036588058,30.246559398,0
              79.035660069,30.247915691,0
              79.034161009,30.249414751,0
              79.032447796,30.250128590,0
              79.032419946,30.250144371,0
              79.030306281,30.251342115,0
              79.028450302,30.253412246,0
              79.028307534,30.255268226,0
              79.028735838,30.257481124,0
              79.029235524,30.259765407,0
              79.029806595,30.261764154,0
              79.030041269,30.262644186,0
              79.028191349,30.263403126,0
              79.026823159,30.263938505,0
              79.026168807,30.264652343,0
              79.025157536,30.265663614,0
              79.024503185,30.266555912,0
              79.023729860,30.267448210,0
              79.023016021,30.269232806,0
              79.022302183,30.270660482,0
              79.021290912,30.271790726,0
              79.019863236,30.272980457,0
              79.017662234,30.274289160,0
              79.015520719,30.275181458,0
              79.013319718,30.275657351,0
              79.011416149,30.276014270,0
              79.010047959,30.276668622,0
              79.008798742,30.277620406,0
              79.007906444,30.278929109,0
              79.006835687,30.280892165,0
              79.005289037,30.282676761,0
              79.004218280,30.284163924,0
              79.003147522,30.286305439,0
              79.002136251,30.289696171,0
              79.000768061,30.292432551,0
              78.999935250,30.294990471,0
              78.999161925,30.297726851,0
              78.998317612,30.302048349,0
              78.998745916,30.303123866,0
              78.999107594,30.303809150,0
              78.999355058,30.304161311,0
              78.999567031,30.304472786,0
              78.999489098,30.304687261,0
              78.999289570,30.304691834,0
              78.999090192,30.304652111,0
              78.998872983,30.304575131,0
              78.998557017,30.304402117,0
              78.998209245,30.304141627,0
              78.997934368,30.303997447,0
              78.997776891,30.303903680,0
              78.997415753,30.303646946,0
              78.996916086,30.303365778,0
              78.996436538,30.302969855,0
              78.996194330,30.302810066,0
              78.995980844,30.302650107,0
              78.995521505,30.302334584,0
              78.995177961,30.302062124,0
              78.994582347,30.301487013,0
              78.994337191,30.301265369,0
              78.994156038,30.301063041,0
              78.993856127,30.300663529,0
              78.993608140,30.300405301,0
              78.993439681,30.300211790,0
              78.993067262,30.299678687,0
              78.992764002,30.299297838,0
              78.992314017,30.298679800,0
              78.992154779,30.298420317,0
              78.991871243,30.297903815,0
              78.991596014,30.297239919,0
              78.991414670,30.296898501,0
              78.991217807,30.296492822,0
              78.991054195,30.296100790,0
              78.990566393,30.294928039,0
              78.990500202,30.294747321,0
              78.990455388,30.294583536,0
              78.990412167,30.294356492,0
              78.990350717,30.293768702,0
              78.990309117,30.293510250,0
              78.990283246,30.293400133,0
              78.990063251,30.292765079,0
              78.989974119,30.292373689,0
              78.989883578,30.292083838,0
              78.989834781,30.291962586,0
              78.989673037,30.291629830,0
              78.989582562,30.291360579,0
              78.989517511,30.291126571,0
              78.989484610,30.291044996,0
              78.989466319,30.291018465,0
              78.989343370,30.290889581,0
              78.989216434,30.290667954,0
              78.989168237,30.290600213,0
              78.989092297,30.290521963,0
              78.988941002,30.290399064,0
              78.988547189,30.290137159,0
              78.988192538,30.289881743,0
              78.987984978,30.289766166,0
              78.987537413,30.289551960,0
              78.987095980,30.289410525,0
              78.986777623,30.289335764,0
              78.986188079,30.289272388,0
              78.985870547,30.289250561,0
              78.985338826,30.289154343,0
              78.985159288,30.289133165,0
              78.984766980,30.289016176,0
              78.984708796,30.288993150,0
            </coordinates>
          </LinearRing>
        </outerBoundaryIs>
      </Polygon>
      </MultiGeometry>
    </Placemark>
  </Folder>
</Document>
</kml>
